DATASET,AREA_RAW,AREA,AREA_2BANKS,AREA_WIND,AREA_WEIGHT,AREA_TEMP,NOTE
BBS,1,Atoll,Swains,NotApp,0,1,SWAIN'S ISLAND (OFFSHORE)
BBS,7,Atoll,Rose,NotApp,0,7,ROSE NORTH
BBS,8,Atoll,Rose,NotApp,0,8,ROSE SOUTH
BBS,21,Atoll,Swains,NotApp,0,21,SWAINS ISLAND INSHORE
BBS,51,Atoll,Rose,NotApp,0,51,ROSE ISLAND INSHORE
BBS,4,Bank,Bank_E,tutu,0,4,EASTERN AREA
BBS,11,Bank,Bank_S,tutu,0,11,SOUTH BANK
BBS,12,Bank,Bank_E,tutu,0,12,EAST BANK
BBS,13,Bank,Bank_E,tutu,0,13,2% Bank
BBS,14,Bank,Bank_E,tutu,0,14,WESTERN AREA
BBS,15,Bank,Bank_E,tutu,0,15,SOUTHEAST BANK
BBS,17,Bank,Bank_E,tutu,0,17,NORTHEAST BANK
BBS,5,Manua,Manua,manu,0.2,5,MANU'A NORTH
BBS,6,Manua,Manua,manu,0.2,6,MANU'A SOUTH
BBS,10,Manua,Manua,manu,0.2,10,MANU'A GENERAL AREA
BBS,41,Manua,Manua,manu,0.2,41,NORTH OFU-OLOSEGA
BBS,42,Manua,Manua,manu,0.2,42,SOUTH OFU-OLOSEGA
BBS,43,Manua,Manua,manu,0.2,43,OFU-OLOSEGA TO TA'U
BBS,44,Manua,Manua,manu,0.2,44,NORTH TA'U
BBS,45,Manua,Manua,manu,0.2,45,SOUTH TA'U
BBS,160,Manua,Manua,manu,0.2,10,"TAU VILLAGE, MANU'A"
BBS,161,Manua,Manua,manu,0.2,10,"OLOSEGA VILLAGE, MANU'A"
BBS,162,Manua,Manua,manu,0.2,10,"OFU - NORTH & SOUTH, MANU'A"
BBS,163,Manua,Manua,manu,0.2,10,"FITIUTA, TAU, MANU'A"
BBS,164,Manua,Manua,manu,0.2,10,"TAU SOUTH, MANUA"
BBS,165,Manua,Manua,manu,0.2,10,"FALEASAO, TAU, MANUA"
BBS,166,Manua,Manua,manu,0.2,10,"OFU - NORTH, MANUA"
BBS,167,Manua,Manua,manu,0.2,10,"OFU - SOUTH, MANUA"
BBS,168,Manua,Manua,manu,0.2,10,"AIRPORT, OFU, MANUA"
BBS,169,Manua,Manua,manu,0.2,10,"SILI, OLOSEGA, MANUA"
BBS,183,Manua,Manua,manu,0.2,10,"SUIFAGA, TAU, MANUA"
BBS,184,Manua,Manua,manu,0.2,10,TAU WHARF
BBS,185,Manua,Manua,manu,0.2,10,TAU LUMA
BBS,2,Tut_North,Tut_North,tutu,0.4,2,TUTUILA NORTH
BBS,31,Tut_North,Tut_North,tutu,0.4,31,TAPUTAPU AREA
BBS,32,Tut_North,Tut_North,tutu,0.4,32,TAPUTAPU TO VATIA
BBS,34,Tut_North,Tut_North,tutu,0.4,34,VATIA TO MATATULA
BBS,101,Tut_North,Tut_North,tutu,0.4,31,AMANAVE
BBS,102,Tut_North,Tut_North,tutu,0.4,31,FAILOLO
BBS,103,Tut_North,Tut_North,tutu,0.4,31,AGAGULU
BBS,104,Tut_North,Tut_North,tutu,0.4,31,UTUMEA WEST
BBS,105,Tut_North,Tut_North,tutu,0.4,31,SE'ETAGA
BBS,106,Tut_North,Tut_North,tutu,0.4,31,NUA
BBS,107,Tut_North,Tut_North,tutu,0.4,31,AFAO
BBS,108,Tut_North,Tut_North,tutu,0.4,31,ASILI
BBS,109,Tut_North,Tut_North,tutu,0.4,31,AMALUIA
BBS,124,Tut_North,Tut_North,tutu,0.4,32,PAGO PAGO
BBS,142,Tut_North,Tut_North,tutu,0.4,34,TULA
BBS,143,Tut_North,Tut_North,tutu,0.4,34,ONENOA
BBS,144,Tut_North,Tut_North,tutu,0.4,34,AOA
BBS,145,Tut_North,Tut_North,tutu,0.4,34,SAILELE
BBS,146,Tut_North,Tut_North,tutu,0.4,34,MASAUSI
BBS,147,Tut_North,Tut_North,tutu,0.4,34,MASEFAU
BBS,148,Tut_North,Tut_North,tutu,0.4,34,AFONO
BBS,149,Tut_North,Tut_North,tutu,0.4,32,VATIA
BBS,150,Tut_North,Tut_North,tutu,0.4,32,PAGO PAGO - N. SHORE
BBS,151,Tut_North,Tut_North,tutu,0.4,32,FAGASA
BBS,152,Tut_North,Tut_North,tutu,0.4,32,AASU
BBS,153,Tut_North,Tut_North,tutu,0.4,32,ALOAU
BBS,154,Tut_North,Tut_North,tutu,0.4,31,FAGAMALO
BBS,155,Tut_North,Tut_North,tutu,0.4,31,MALOATA
BBS,156,Tut_North,Tut_North,tutu,0.4,31,FAGALII
BBS,157,Tut_North,Tut_North,tutu,0.4,31,POLOA
BBS,170,Tut_North,Tut_North,tutu,0.4,9,MALOTA (Maloata typo?)
BBS,3,Tut_South,Tut_South,tutu,0.4,3,TUTUILA SOUTH
BBS,9,Tut_South,Tut_South,tutu,0.4,9,LOCAL (TUTUILA & AUNUU)
BBS,33,Tut_South,Tut_South,tutu,0.4,33,TAPUTAPU TO PAGO PAGO
BBS,35,Tut_South,Tut_South,tutu,0.4,35,PAGO PAGO TO MATATULA
BBS,36,Tut_South,Tut_South,tutu,0.4,36,MATATULA-AUNU'U AREA
BBS,37,Tut_South,Tut_South,tutu,0.4,37,DUMPSITE (CANNERY)
BBS,90,Tut_South,Tut_South,tutu,0.4,90,CANNERIES
BBS,110,Tut_South,Tut_South,tutu,0.4,33,LEONE
BBS,111,Tut_South,Tut_South,tutu,0.4,33,VAILOA
BBS,112,Tut_South,Tut_South,tutu,0.4,33,TAPUTIMU
BBS,113,Tut_South,Tut_South,tutu,0.4,33,FUTIGA
BBS,114,Tut_South,Tut_South,tutu,0.4,33,VAITOGI
BBS,115,Tut_South,Tut_South,tutu,0.4,33,ILI'ILI
BBS,116,Tut_South,Tut_South,tutu,0.4,33,TAFUNA
BBS,117,Tut_South,Tut_South,tutu,0.4,33,NU'UULI
BBS,118,Tut_South,Tut_South,tutu,0.4,33,FAGANEANEA
BBS,119,Tut_South,Tut_South,tutu,0.4,33,MATU'U
BBS,120,Tut_South,Tut_South,tutu,0.4,33,FATUMAFUTI
BBS,121,Tut_South,Tut_South,tutu,0.4,33,FAGA'ALU
BBS,122,Tut_South,Tut_South,tutu,0.4,33,UTULEI
BBS,123,Tut_South,Tut_South,tutu,0.4,33,FAGATOGO (MARINA DOCK)
BBS,125,Tut_South,Tut_South,tutu,0.4,35,ANUA
BBS,126,Tut_South,Tut_South,tutu,0.4,35,ATUU
BBS,127,Tut_South,Tut_South,tutu,0.4,35,LELOALOA
BBS,128,Tut_South,Tut_South,tutu,0.4,35,AUA
BBS,129,Tut_South,Tut_South,tutu,0.4,35,LAULI'I
BBS,130,Tut_South,Tut_South,tutu,0.4,35,AUMI
BBS,131,Tut_South,Tut_South,tutu,0.4,35,ALEGA
BBS,132,Tut_South,Tut_South,tutu,0.4,35,AVAIO
BBS,133,Tut_South,Tut_South,tutu,0.4,35,AUTO
BBS,134,Tut_South,Tut_South,tutu,0.4,35,AMAUA
BBS,135,Tut_South,Tut_South,tutu,0.4,35,FAGAITUA
BBS,136,Tut_South,Tut_South,tutu,0.4,35,PAGAI
BBS,137,Tut_South,Tut_South,tutu,0.4,35,ALOFAU
BBS,138,Tut_South,Tut_South,tutu,0.4,35,AMOULI
BBS,139,Tut_South,Tut_South,tutu,0.4,35,AUASI
BBS,140,Tut_South,Tut_South,tutu,0.4,35,UTUMEA EAST
BBS,141,Tut_South,Tut_South,tutu,0.4,35,ALAO
BBS,158,Tut_South,Tut_South,tutu,0.4,33,"AIRPORT, TUTUILA"
BBS,159,Tut_South,Tut_South,tutu,0.4,35,AUNU'U
BBS,171,Tut_South,Tut_South,tutu,0.4,9,PUAPUA
BBS,172,Tut_South,Tut_South,tutu,0.4,9,SATALA
BBS,173,Tut_South,Tut_South,tutu,0.4,9,ONESOSOPO
BBS,174,Tut_South,Tut_South,tutu,0.4,9,FALENIU
BBS,175,Tut_South,Tut_South,tutu,0.4,9,MALAEAIMI
BBS,176,Tut_South,Tut_South,tutu,0.4,9,MALAELOA
BBS,177,Tut_South,Tut_South,tutu,0.4,9,PAVA'I'A'I
BBS,178,Tut_South,Tut_South,tutu,0.4,9,TAFETA
BBS,179,Tut_South,Tut_South,tutu,0.4,0,TAEMA BANK
BBS,180,Tut_South,Tut_South,tutu,0.4,33,FOGAGOGO
BBS,181,Tut_South,Tut_South,tutu,0.4,9,FAGAMUTU
BBS,182,Tut_South,Tut_South,tutu,0.4,35,UTUSIA
BBS,0,Unk,Unk,Unk,0,30,NULL
BBS,30,Unk,Unk,Unk,0,30,IMPORTED FROM
BBS,60,Unk,Unk,Unk,0,30,WESTERN SAMOA
BBS,70,Unk,Unk,Unk,0,30,TONGAN ISLANDS
BBS,77,Unk,Unk,Unk,0,77,SIMULATED
BBS,80,Unk,Unk,Unk,0,30,KIRIBATI
BBS,98,Unk,Unk,Unk,0,30,UNKNOWN IMPORT AREA
BBS,99,Unk,Unk,Unk,0,0,UNKNOWN
BBS,100,Unk,Unk,Unk,0,9,UNKNOWN VILLAGE
Biosampling,SOUTH BANK,Bank,Bank,NotApp,0,,
Biosampling,NA,N/A,N/A,NotApp,0,,
Biosampling,UNKNOWN VILLAGE,N/A,N/A,NotApp,0,,
Biosampling,AASO,Tut_North,Tut_North,NotApp,0.4,,Aasu typo.
Biosampling,AASU,Tut_North,Tut_North,NotApp,0.4,,
Biosampling,AFONO,Tut_North,Tut_North,NotApp,0.4,,
Biosampling,Afono and Vatia,Tut_North,Tut_North,NotApp,0.4,,
Biosampling,ALOAU,Tut_North,Tut_North,NotApp,0.4,,Asigned PRIMARY_PK 32 in official area file.
Biosampling,AOA,Tut_North,Tut_North,NotApp,0.4,,
Biosampling,AOA TO VATIA,Tut_North,Tut_North,NotApp,0.4,,
Biosampling,FAGALII,Tut_North,Tut_North,NotApp,0.4,,
Biosampling,FAGAMALO,Tut_North,Tut_North,NotApp,0.4,,
Biosampling,FAGAMALO and TULA,Tut_North,Tut_North,NotApp,0.4,,
Biosampling,FAGASA,Tut_North,Tut_North,NotApp,0.4,,
Biosampling,MALOATA,Tut_North,Tut_North,NotApp,0.4,,
Biosampling,MALOTA,Tut_North,Tut_North,NotApp,0.4,,Maloata typo?
Biosampling,MASAUSI,Tut_North,Tut_North,NotApp,0.4,,
Biosampling,MASEFAU,Tut_North,Tut_North,NotApp,0.4,,
Biosampling,OGENOA,Tut_North,Tut_North,NotApp,0.4,,Onenoa typo?
Biosampling,ONENOA,Tut_North,Tut_North,NotApp,0.4,,
Biosampling,ONESOSOPO,Tut_North,Tut_North,NotApp,0.4,,
Biosampling,Pola to Vatia,Tut_North,Tut_North,NotApp,0.4,,
Biosampling,POLOA,Tut_North,Tut_North,NotApp,0.4,,
Biosampling,Tafeu ,Tut_North,Tut_North,NotApp,0.4,,
Biosampling,TAPUTAPU AREA,Tut_North,Tut_North,NotApp,0.4,,
Biosampling,TAPUTAPU TO VATIA,Tut_North,Tut_North,NotApp,0.4,,
Biosampling,TULA,Tut_North,Tut_North,NotApp,0.4,,
Biosampling,TULA to ALEGA,Tut_North,Tut_North,NotApp,0.4,,
Biosampling,TULA TO ONENOA,Tut_North,Tut_North,NotApp,0.4,,
Biosampling,VAILOA,Tut_North,Tut_North,NotApp,0.4,,
Biosampling,VATIA,Tut_North,Tut_North,NotApp,0.4,,
Biosampling, VAITOGI TO AIRPORT,Tut_South,Tut_South,NotApp,0.4,,
Biosampling,AFAO,Tut_South,Tut_South,NotApp,0.4,,
Biosampling,AIRPORT TO VAITOGI,Tut_South,Tut_South,NotApp,0.4,,
Biosampling,"AIRPORT, TUTUILA",Tut_South,Tut_South,NotApp,0.4,,
Biosampling,ALAO,Tut_South,Tut_South,NotApp,0.4,,
Biosampling,ALOFAU,Tut_South,Tut_South,NotApp,0.4,,
Biosampling,AMALUIA,Tut_South,Tut_South,NotApp,0.4,,
Biosampling,AMANAVE,Tut_South,Tut_South,NotApp,0.4,,
Biosampling,AMOULI,Tut_South,Tut_South,NotApp,0.4,,
Biosampling,AMOULI and LAULII,Tut_South,Tut_South,NotApp,0.4,,
Biosampling,AMOULI TO AUASI,Tut_South,Tut_South,NotApp,0.4,,
Biosampling,ASILI,Tut_South,Tut_South,NotApp,0.4,,
Biosampling,AUA,Tut_South,Tut_South,NotApp,0.4,,
Biosampling,AUASI,Tut_South,Tut_South,NotApp,0.4,,
Biosampling,AUNU'U,Tut_South,Tut_South,NotApp,0.4,,
Biosampling,AUNUU and AMOULI,Tut_South,Tut_South,NotApp,0.4,,
Biosampling,AUNUU and AUTO,Tut_South,Tut_South,NotApp,0.4,,
Biosampling,AUTO,Tut_South,Tut_South,NotApp,0.4,,
Biosampling,AUTO and LAULII,Tut_South,Tut_South,NotApp,0.4,,
Biosampling,AVAU TO NU'UULI,Tut_South,Tut_South,NotApp,0.4,,
Biosampling,FAGAALU,Tut_South,Tut_South,NotApp,0.4,,
Biosampling,FAGAITUA,Tut_South,Tut_South,NotApp,0.4,,
Biosampling,FAGANEANEA,Tut_South,Tut_South,NotApp,0.4,,
Biosampling,FAILOLO,Tut_South,Tut_South,NotApp,0.4,,
Biosampling,FATUMAFUTI,Tut_South,Tut_South,NotApp,0.4,,
Biosampling,FOGAGOGO,Tut_South,Tut_South,NotApp,0.4,,
Biosampling,LAULII,Tut_South,Tut_South,NotApp,0.4,,
Biosampling,LELOALOA,Tut_South,Tut_South,NotApp,0.4,,
Biosampling,LEONE,Tut_South,Tut_South,NotApp,0.4,,
Biosampling,LIONS PARK,Tut_South,Tut_South,NotApp,0.4,,
Biosampling,MATATULA-AUNU'U AREA,Tut_South,Tut_South,NotApp,0.4,,
Biosampling,MATU'U,Tut_South,Tut_South,NotApp,0.4,,
Biosampling,NUA,Tut_South,Tut_South,NotApp,0.4,,
Biosampling,NU'UULI,Tut_South,Tut_South,NotApp,0.4,,
Biosampling,PAGO PAGO TO MATATULA,Tut_South,Tut_South,NotApp,0.4,,
Biosampling,POLOA TO ASILI,Tut_South,Tut_South,NotApp,0.4,,
Biosampling,SE'ETAGA,Tut_South,Tut_South,NotApp,0.4,,
Biosampling,TAPUTIMU,Tut_South,Tut_South,NotApp,0.4,,
Biosampling,UTULEI,Tut_South,Tut_South,NotApp,0.4,,
Biosampling,VAITOGI,Tut_South,Tut_South,NotApp,0.4,,
Biosampling,VAITOGI TO FOGAGOGO,Tut_South,Tut_South,NotApp,0.4,,
UVS,ROS-01,Atoll,Atoll,NotApp,0,,
UVS,ROS-02,Atoll,Atoll,NotApp,0,,
UVS,ROS-03,Atoll,Atoll,NotApp,0,,
UVS,ROS-04,Atoll,Atoll,NotApp,0,,
UVS,ROS-05,Atoll,Atoll,NotApp,0,,
UVS,ROS-06,Atoll,Atoll,NotApp,0,,
UVS,ROS-08,Atoll,Atoll,NotApp,0,,
UVS,ROS-09,Atoll,Atoll,NotApp,0,,
UVS,ROS-1005,Atoll,Atoll,NotApp,0,,
UVS,ROS-15,Atoll,Atoll,NotApp,0,,
UVS,ROS-18,Atoll,Atoll,NotApp,0,,
UVS,ROS-19,Atoll,Atoll,NotApp,0,,
UVS,ROS-200,Atoll,Atoll,NotApp,0,,
UVS,ROS-201,Atoll,Atoll,NotApp,0,,
UVS,ROS-202,Atoll,Atoll,NotApp,0,,
UVS,ROS-203,Atoll,Atoll,NotApp,0,,
UVS,ROS-205,Atoll,Atoll,NotApp,0,,
UVS,ROS-208,Atoll,Atoll,NotApp,0,,
UVS,ROS-21,Atoll,Atoll,NotApp,0,,
UVS,ROS-210,Atoll,Atoll,NotApp,0,,
UVS,ROS-211,Atoll,Atoll,NotApp,0,,
UVS,ROS-212,Atoll,Atoll,NotApp,0,,
UVS,ROS-215,Atoll,Atoll,NotApp,0,,
UVS,ROS-216,Atoll,Atoll,NotApp,0,,
UVS,ROS-217,Atoll,Atoll,NotApp,0,,
UVS,ROS-218,Atoll,Atoll,NotApp,0,,
UVS,ROS-219,Atoll,Atoll,NotApp,0,,
UVS,ROS-22,Atoll,Atoll,NotApp,0,,
UVS,ROS-221,Atoll,Atoll,NotApp,0,,
UVS,ROS-222,Atoll,Atoll,NotApp,0,,
UVS,ROS-223,Atoll,Atoll,NotApp,0,,
UVS,ROS-224,Atoll,Atoll,NotApp,0,,
UVS,ROS-225,Atoll,Atoll,NotApp,0,,
UVS,ROS-226,Atoll,Atoll,NotApp,0,,
UVS,ROS-227,Atoll,Atoll,NotApp,0,,
UVS,ROS-228,Atoll,Atoll,NotApp,0,,
UVS,ROS-23,Atoll,Atoll,NotApp,0,,
UVS,ROS-231,Atoll,Atoll,NotApp,0,,
UVS,ROS-232,Atoll,Atoll,NotApp,0,,
UVS,ROS-233,Atoll,Atoll,NotApp,0,,
UVS,ROS-234,Atoll,Atoll,NotApp,0,,
UVS,ROS-235,Atoll,Atoll,NotApp,0,,
UVS,ROS-236,Atoll,Atoll,NotApp,0,,
UVS,ROS-238,Atoll,Atoll,NotApp,0,,
UVS,ROS-239,Atoll,Atoll,NotApp,0,,
UVS,ROS-240,Atoll,Atoll,NotApp,0,,
UVS,ROS-241,Atoll,Atoll,NotApp,0,,
UVS,ROS-242,Atoll,Atoll,NotApp,0,,
UVS,ROS-244,Atoll,Atoll,NotApp,0,,
UVS,ROS-25,Atoll,Atoll,NotApp,0,,
UVS,ROS-301,Atoll,Atoll,NotApp,0,,
UVS,ROS-305,Atoll,Atoll,NotApp,0,,
UVS,ROS-306,Atoll,Atoll,NotApp,0,,
UVS,ROS-307,Atoll,Atoll,NotApp,0,,
UVS,ROS-308,Atoll,Atoll,NotApp,0,,
UVS,ROS-309,Atoll,Atoll,NotApp,0,,
UVS,ROS-311,Atoll,Atoll,NotApp,0,,
UVS,ROS-314,Atoll,Atoll,NotApp,0,,
UVS,ROS-315,Atoll,Atoll,NotApp,0,,
UVS,ROS-317,Atoll,Atoll,NotApp,0,,
UVS,ROS-319,Atoll,Atoll,NotApp,0,,
UVS,ROS-320,Atoll,Atoll,NotApp,0,,
UVS,ROS-321,Atoll,Atoll,NotApp,0,,
UVS,ROS-323,Atoll,Atoll,NotApp,0,,
UVS,ROS-324,Atoll,Atoll,NotApp,0,,
UVS,ROS-325,Atoll,Atoll,NotApp,0,,
UVS,ROS-327,Atoll,Atoll,NotApp,0,,
UVS,ROS-329,Atoll,Atoll,NotApp,0,,
UVS,ROS-331,Atoll,Atoll,NotApp,0,,
UVS,ROS-332,Atoll,Atoll,NotApp,0,,
UVS,ROS-333,Atoll,Atoll,NotApp,0,,
UVS,ROS-335,Atoll,Atoll,NotApp,0,,
UVS,ROS-337,Atoll,Atoll,NotApp,0,,
UVS,ROS-339,Atoll,Atoll,NotApp,0,,
UVS,ROS-340,Atoll,Atoll,NotApp,0,,
UVS,ROS-341,Atoll,Atoll,NotApp,0,,
UVS,ROS-342,Atoll,Atoll,NotApp,0,,
UVS,ROS-343,Atoll,Atoll,NotApp,0,,
UVS,ROS-345,Atoll,Atoll,NotApp,0,,
UVS,ROS-347,Atoll,Atoll,NotApp,0,,
UVS,ROS-349,Atoll,Atoll,NotApp,0,,
UVS,ROS-350,Atoll,Atoll,NotApp,0,,
UVS,ROS-352,Atoll,Atoll,NotApp,0,,
UVS,ROS-353,Atoll,Atoll,NotApp,0,,
UVS,ROS-355,Atoll,Atoll,NotApp,0,,
UVS,ROS-357,Atoll,Atoll,NotApp,0,,
UVS,ROS-360,Atoll,Atoll,NotApp,0,,
UVS,ROS-361,Atoll,Atoll,NotApp,0,,
UVS,ROS-363,Atoll,Atoll,NotApp,0,,
UVS,ROS-364,Atoll,Atoll,NotApp,0,,
UVS,ROS-365,Atoll,Atoll,NotApp,0,,
UVS,ROS-367,Atoll,Atoll,NotApp,0,,
UVS,ROS-369,Atoll,Atoll,NotApp,0,,
UVS,ROS-371,Atoll,Atoll,NotApp,0,,
UVS,ROS-373,Atoll,Atoll,NotApp,0,,
UVS,ROS-375,Atoll,Atoll,NotApp,0,,
UVS,ROS-377,Atoll,Atoll,NotApp,0,,
UVS,ROS-379,Atoll,Atoll,NotApp,0,,
UVS,ROS-380,Atoll,Atoll,NotApp,0,,
UVS,ROS-385,Atoll,Atoll,NotApp,0,,
UVS,ROS-390,Atoll,Atoll,NotApp,0,,
UVS,ROS-391,Atoll,Atoll,NotApp,0,,
UVS,ROS-392,Atoll,Atoll,NotApp,0,,
UVS,ROS-393,Atoll,Atoll,NotApp,0,,
UVS,ROS-394,Atoll,Atoll,NotApp,0,,
UVS,ROS-395,Atoll,Atoll,NotApp,0,,
UVS,ROS-397,Atoll,Atoll,NotApp,0,,
UVS,ROS-398,Atoll,Atoll,NotApp,0,,
UVS,ROS-400,Atoll,Atoll,NotApp,0,,
UVS,ROS-403,Atoll,Atoll,NotApp,0,,
UVS,ROS-404,Atoll,Atoll,NotApp,0,,
UVS,ROS-406,Atoll,Atoll,NotApp,0,,
UVS,ROS-408,Atoll,Atoll,NotApp,0,,
UVS,ROS-409,Atoll,Atoll,NotApp,0,,
UVS,ROS-411,Atoll,Atoll,NotApp,0,,
UVS,ROS-412,Atoll,Atoll,NotApp,0,,
UVS,ROS-419,Atoll,Atoll,NotApp,0,,
UVS,ROS-420,Atoll,Atoll,NotApp,0,,
UVS,ROS-421,Atoll,Atoll,NotApp,0,,
UVS,ROS-422,Atoll,Atoll,NotApp,0,,
UVS,ROS-425,Atoll,Atoll,NotApp,0,,
UVS,ROS-427,Atoll,Atoll,NotApp,0,,
UVS,ROS-428,Atoll,Atoll,NotApp,0,,
UVS,ROS-430,Atoll,Atoll,NotApp,0,,
UVS,ROS-434,Atoll,Atoll,NotApp,0,,
UVS,ROS-437,Atoll,Atoll,NotApp,0,,
UVS,ROS-439,Atoll,Atoll,NotApp,0,,
UVS,ROS-440,Atoll,Atoll,NotApp,0,,
UVS,ROS-441,Atoll,Atoll,NotApp,0,,
UVS,ROS-447,Atoll,Atoll,NotApp,0,,
UVS,ROS-461,Atoll,Atoll,NotApp,0,,
UVS,ROS-471,Atoll,Atoll,NotApp,0,,
UVS,ROS-475,Atoll,Atoll,NotApp,0,,
UVS,ROS-478,Atoll,Atoll,NotApp,0,,
UVS,ROS-479,Atoll,Atoll,NotApp,0,,
UVS,ROS-480,Atoll,Atoll,NotApp,0,,
UVS,ROS-486,Atoll,Atoll,NotApp,0,,
UVS,ROS-489,Atoll,Atoll,NotApp,0,,
UVS,ROS-490,Atoll,Atoll,NotApp,0,,
UVS,ROS-494,Atoll,Atoll,NotApp,0,,
UVS,ROS-495,Atoll,Atoll,NotApp,0,,
UVS,ROS-50,Atoll,Atoll,NotApp,0,,
UVS,ROS-501,Atoll,Atoll,NotApp,0,,
UVS,ROS-502,Atoll,Atoll,NotApp,0,,
UVS,ROS-503,Atoll,Atoll,NotApp,0,,
UVS,ROS-504,Atoll,Atoll,NotApp,0,,
UVS,ROS-51,Atoll,Atoll,NotApp,0,,
UVS,ROS-52,Atoll,Atoll,NotApp,0,,
UVS,ROS-53,Atoll,Atoll,NotApp,0,,
UVS,ROS-54,Atoll,Atoll,NotApp,0,,
UVS,ROS-55,Atoll,Atoll,NotApp,0,,
UVS,ROS-56,Atoll,Atoll,NotApp,0,,
UVS,ROS-57,Atoll,Atoll,NotApp,0,,
UVS,ROS-58,Atoll,Atoll,NotApp,0,,
UVS,ROS-59,Atoll,Atoll,NotApp,0,,
UVS,ROS-60,Atoll,Atoll,NotApp,0,,
UVS,ROS-61,Atoll,Atoll,NotApp,0,,
UVS,ROS-62,Atoll,Atoll,NotApp,0,,
UVS,ROS-63,Atoll,Atoll,NotApp,0,,
UVS,ROS-64,Atoll,Atoll,NotApp,0,,
UVS,ROS-745,Atoll,Atoll,NotApp,0,,
UVS,ROS-747,Atoll,Atoll,NotApp,0,,
UVS,ROS-748,Atoll,Atoll,NotApp,0,,
UVS,ROS-749,Atoll,Atoll,NotApp,0,,
UVS,ROS-750,Atoll,Atoll,NotApp,0,,
UVS,ROS-751,Atoll,Atoll,NotApp,0,,
UVS,ROS-752,Atoll,Atoll,NotApp,0,,
UVS,ROS-753,Atoll,Atoll,NotApp,0,,
UVS,ROS-754,Atoll,Atoll,NotApp,0,,
UVS,ROS-755,Atoll,Atoll,NotApp,0,,
UVS,ROS-756,Atoll,Atoll,NotApp,0,,
UVS,ROS-757,Atoll,Atoll,NotApp,0,,
UVS,ROS-758,Atoll,Atoll,NotApp,0,,
UVS,ROS-759,Atoll,Atoll,NotApp,0,,
UVS,ROS-760,Atoll,Atoll,NotApp,0,,
UVS,ROS-761,Atoll,Atoll,NotApp,0,,
UVS,ROS-763,Atoll,Atoll,NotApp,0,,
UVS,ROS-764,Atoll,Atoll,NotApp,0,,
UVS,ROS-767,Atoll,Atoll,NotApp,0,,
UVS,ROS-768,Atoll,Atoll,NotApp,0,,
UVS,ROS-769,Atoll,Atoll,NotApp,0,,
UVS,ROS-770,Atoll,Atoll,NotApp,0,,
UVS,ROS-771,Atoll,Atoll,NotApp,0,,
UVS,ROS-772,Atoll,Atoll,NotApp,0,,
UVS,ROS-773,Atoll,Atoll,NotApp,0,,
UVS,ROS-775,Atoll,Atoll,NotApp,0,,
UVS,ROS-776,Atoll,Atoll,NotApp,0,,
UVS,ROS-777,Atoll,Atoll,NotApp,0,,
UVS,ROS-778,Atoll,Atoll,NotApp,0,,
UVS,ROS-779,Atoll,Atoll,NotApp,0,,
UVS,ROS-780,Atoll,Atoll,NotApp,0,,
UVS,ROS-781,Atoll,Atoll,NotApp,0,,
UVS,ROS-782,Atoll,Atoll,NotApp,0,,
UVS,ROS-783,Atoll,Atoll,NotApp,0,,
UVS,ROS-784,Atoll,Atoll,NotApp,0,,
UVS,ROS-785,Atoll,Atoll,NotApp,0,,
UVS,ROS-786,Atoll,Atoll,NotApp,0,,
UVS,ROS-787,Atoll,Atoll,NotApp,0,,
UVS,ROS-789,Atoll,Atoll,NotApp,0,,
UVS,ROS-791,Atoll,Atoll,NotApp,0,,
UVS,ROS-795,Atoll,Atoll,NotApp,0,,
UVS,ROS-797,Atoll,Atoll,NotApp,0,,
UVS,ROS-799,Atoll,Atoll,NotApp,0,,
UVS,ROS-801,Atoll,Atoll,NotApp,0,,
UVS,ROS-804,Atoll,Atoll,NotApp,0,,
UVS,ROS-806,Atoll,Atoll,NotApp,0,,
UVS,ROS-808,Atoll,Atoll,NotApp,0,,
UVS,ROS-924,Atoll,Atoll,NotApp,0,,
UVS,ROS-929,Atoll,Atoll,NotApp,0,,
UVS,ROS-931,Atoll,Atoll,NotApp,0,,
UVS,ROS-932,Atoll,Atoll,NotApp,0,,
UVS,ROS-933,Atoll,Atoll,NotApp,0,,
UVS,ROS-936,Atoll,Atoll,NotApp,0,,
UVS,ROS-944,Atoll,Atoll,NotApp,0,,
UVS,ROS-948,Atoll,Atoll,NotApp,0,,
UVS,ROS-952,Atoll,Atoll,NotApp,0,,
UVS,ROS-955,Atoll,Atoll,NotApp,0,,
UVS,ROS-967,Atoll,Atoll,NotApp,0,,
UVS,ROS-968,Atoll,Atoll,NotApp,0,,
UVS,ROS-972,Atoll,Atoll,NotApp,0,,
UVS,ROS-974,Atoll,Atoll,NotApp,0,,
UVS,ROS-977,Atoll,Atoll,NotApp,0,,
UVS,ROS-979,Atoll,Atoll,NotApp,0,,
UVS,ROS-993,Atoll,Atoll,NotApp,0,,
UVS,ROS-995,Atoll,Atoll,NotApp,0,,
UVS,ROS-998,Atoll,Atoll,NotApp,0,,
UVS,ROS-999,Atoll,Atoll,NotApp,0,,
UVS,SWA-01,Atoll,Atoll,NotApp,0,,
UVS,SWA-02,Atoll,Atoll,NotApp,0,,
UVS,SWA-03,Atoll,Atoll,NotApp,0,,
UVS,SWA-04,Atoll,Atoll,NotApp,0,,
UVS,SWA-05,Atoll,Atoll,NotApp,0,,
UVS,SWA-06,Atoll,Atoll,NotApp,0,,
UVS,SWA-07,Atoll,Atoll,NotApp,0,,
UVS,SWA-08,Atoll,Atoll,NotApp,0,,
UVS,SWA-10,Atoll,Atoll,NotApp,0,,
UVS,SWA-101,Atoll,Atoll,NotApp,0,,
UVS,SWA-105,Atoll,Atoll,NotApp,0,,
UVS,SWA-106,Atoll,Atoll,NotApp,0,,
UVS,SWA-107,Atoll,Atoll,NotApp,0,,
UVS,SWA-108,Atoll,Atoll,NotApp,0,,
UVS,SWA-109,Atoll,Atoll,NotApp,0,,
UVS,SWA-111,Atoll,Atoll,NotApp,0,,
UVS,SWA-112,Atoll,Atoll,NotApp,0,,
UVS,SWA-113,Atoll,Atoll,NotApp,0,,
UVS,SWA-115,Atoll,Atoll,NotApp,0,,
UVS,SWA-117,Atoll,Atoll,NotApp,0,,
UVS,SWA-119,Atoll,Atoll,NotApp,0,,
UVS,SWA-120,Atoll,Atoll,NotApp,0,,
UVS,SWA-121,Atoll,Atoll,NotApp,0,,
UVS,SWA-122,Atoll,Atoll,NotApp,0,,
UVS,SWA-123,Atoll,Atoll,NotApp,0,,
UVS,SWA-125,Atoll,Atoll,NotApp,0,,
UVS,SWA-126,Atoll,Atoll,NotApp,0,,
UVS,SWA-129,Atoll,Atoll,NotApp,0,,
UVS,SWA-14,Atoll,Atoll,NotApp,0,,
UVS,SWA-16,Atoll,Atoll,NotApp,0,,
UVS,SWA-201,Atoll,Atoll,NotApp,0,,
UVS,SWA-205,Atoll,Atoll,NotApp,0,,
UVS,SWA-208,Atoll,Atoll,NotApp,0,,
UVS,SWA-210,Atoll,Atoll,NotApp,0,,
UVS,SWA-213,Atoll,Atoll,NotApp,0,,
UVS,SWA-214,Atoll,Atoll,NotApp,0,,
UVS,SWA-215,Atoll,Atoll,NotApp,0,,
UVS,SWA-216,Atoll,Atoll,NotApp,0,,
UVS,SWA-217,Atoll,Atoll,NotApp,0,,
UVS,SWA-219,Atoll,Atoll,NotApp,0,,
UVS,SWA-223,Atoll,Atoll,NotApp,0,,
UVS,SWA-224,Atoll,Atoll,NotApp,0,,
UVS,SWA-225,Atoll,Atoll,NotApp,0,,
UVS,SWA-226,Atoll,Atoll,NotApp,0,,
UVS,SWA-227,Atoll,Atoll,NotApp,0,,
UVS,SWA-229,Atoll,Atoll,NotApp,0,,
UVS,SWA-230,Atoll,Atoll,NotApp,0,,
UVS,SWA-231,Atoll,Atoll,NotApp,0,,
UVS,SWA-232,Atoll,Atoll,NotApp,0,,
UVS,SWA-233,Atoll,Atoll,NotApp,0,,
UVS,SWA-234,Atoll,Atoll,NotApp,0,,
UVS,SWA-235,Atoll,Atoll,NotApp,0,,
UVS,SWA-400,Atoll,Atoll,NotApp,0,,
UVS,SWA-403,Atoll,Atoll,NotApp,0,,
UVS,SWA-406,Atoll,Atoll,NotApp,0,,
UVS,SWA-407,Atoll,Atoll,NotApp,0,,
UVS,SWA-412,Atoll,Atoll,NotApp,0,,
UVS,SWA-414,Atoll,Atoll,NotApp,0,,
UVS,SWA-415,Atoll,Atoll,NotApp,0,,
UVS,SWA-416,Atoll,Atoll,NotApp,0,,
UVS,SWA-418,Atoll,Atoll,NotApp,0,,
UVS,SWA-422,Atoll,Atoll,NotApp,0,,
UVS,SWA-427,Atoll,Atoll,NotApp,0,,
UVS,SWA-429,Atoll,Atoll,NotApp,0,,
UVS,SWA-437,Atoll,Atoll,NotApp,0,,
UVS,SWA-439,Atoll,Atoll,NotApp,0,,
UVS,SWA-440,Atoll,Atoll,NotApp,0,,
UVS,SWA-443,Atoll,Atoll,NotApp,0,,
UVS,SWA-444,Atoll,Atoll,NotApp,0,,
UVS,SWA-445,Atoll,Atoll,NotApp,0,,
UVS,SWA-446,Atoll,Atoll,NotApp,0,,
UVS,SWA-449,Atoll,Atoll,NotApp,0,,
UVS,SWA-450,Atoll,Atoll,NotApp,0,,
UVS,SWA-455,Atoll,Atoll,NotApp,0,,
UVS,SWA-461,Atoll,Atoll,NotApp,0,,
UVS,SWA-467,Atoll,Atoll,NotApp,0,,
UVS,SWA-470,Atoll,Atoll,NotApp,0,,
UVS,SWA-474,Atoll,Atoll,NotApp,0,,
UVS,SWA-481,Atoll,Atoll,NotApp,0,,
UVS,SWA-482,Atoll,Atoll,NotApp,0,,
UVS,SWA-483,Atoll,Atoll,NotApp,0,,
UVS,SWA-485,Atoll,Atoll,NotApp,0,,
UVS,SWA-489,Atoll,Atoll,NotApp,0,,
UVS,SWA-493,Atoll,Atoll,NotApp,0,,
UVS,SWA-499,Atoll,Atoll,NotApp,0,,
UVS,SWA-50,Atoll,Atoll,NotApp,0,,
UVS,SWA-51,Atoll,Atoll,NotApp,0,,
UVS,SWA-52,Atoll,Atoll,NotApp,0,,
UVS,SWA-53,Atoll,Atoll,NotApp,0,,
UVS,SWA-54,Atoll,Atoll,NotApp,0,,
UVS,SWA-55,Atoll,Atoll,NotApp,0,,
UVS,SWA-56,Atoll,Atoll,NotApp,0,,
UVS,SWA-57,Atoll,Atoll,NotApp,0,,
UVS,SWA-58,Atoll,Atoll,NotApp,0,,
UVS,SWA-61,Atoll,Atoll,NotApp,0,,
UVS,SWA-63,Atoll,Atoll,NotApp,0,,
UVS,SWA-64,Atoll,Atoll,NotApp,0,,
UVS,SWA-65,Atoll,Atoll,NotApp,0,,
UVS,SWA-67,Atoll,Atoll,NotApp,0,,
UVS,SWA-675,Atoll,Atoll,NotApp,0,,
UVS,SWA-676,Atoll,Atoll,NotApp,0,,
UVS,SWA-677,Atoll,Atoll,NotApp,0,,
UVS,SWA-678,Atoll,Atoll,NotApp,0,,
UVS,SWA-683,Atoll,Atoll,NotApp,0,,
UVS,SWA-684,Atoll,Atoll,NotApp,0,,
UVS,SWA-687,Atoll,Atoll,NotApp,0,,
UVS,SWA-689,Atoll,Atoll,NotApp,0,,
UVS,SWA-69,Atoll,Atoll,NotApp,0,,
UVS,SWA-700,Atoll,Atoll,NotApp,0,,
UVS,SWA-703,Atoll,Atoll,NotApp,0,,
UVS,SWA-706,Atoll,Atoll,NotApp,0,,
UVS,SWA-71,Atoll,Atoll,NotApp,0,,
UVS,SWA-711,Atoll,Atoll,NotApp,0,,
UVS,SWA-712,Atoll,Atoll,NotApp,0,,
UVS,SWA-713,Atoll,Atoll,NotApp,0,,
UVS,SWA-717,Atoll,Atoll,NotApp,0,,
UVS,SWA-721,Atoll,Atoll,NotApp,0,,
UVS,SWA-722,Atoll,Atoll,NotApp,0,,
UVS,SWA-723,Atoll,Atoll,NotApp,0,,
UVS,SWA-724,Atoll,Atoll,NotApp,0,,
UVS,SWA-728,Atoll,Atoll,NotApp,0,,
UVS,SWA-73,Atoll,Atoll,NotApp,0,,
UVS,SWA-731,Atoll,Atoll,NotApp,0,,
UVS,SWA-732,Atoll,Atoll,NotApp,0,,
UVS,SWA-733,Atoll,Atoll,NotApp,0,,
UVS,SWA-739,Atoll,Atoll,NotApp,0,,
UVS,SWA-74,Atoll,Atoll,NotApp,0,,
UVS,SWA-740,Atoll,Atoll,NotApp,0,,
UVS,SWA-741,Atoll,Atoll,NotApp,0,,
UVS,SWA-747,Atoll,Atoll,NotApp,0,,
UVS,SWA-75,Atoll,Atoll,NotApp,0,,
UVS,SWA-750,Atoll,Atoll,NotApp,0,,
UVS,SWA-751,Atoll,Atoll,NotApp,0,,
UVS,SWA-753,Atoll,Atoll,NotApp,0,,
UVS,SWA-757,Atoll,Atoll,NotApp,0,,
UVS,SWA-77,Atoll,Atoll,NotApp,0,,
UVS,SWA-78,Atoll,Atoll,NotApp,0,,
UVS,SWA-79,Atoll,Atoll,NotApp,0,,
UVS,SWA-81,Atoll,Atoll,NotApp,0,,
UVS,SWA-83,Atoll,Atoll,NotApp,0,,
UVS,SWA-85,Atoll,Atoll,NotApp,0,,
UVS,SWA-87,Atoll,Atoll,NotApp,0,,
UVS,SWA-89,Atoll,Atoll,NotApp,0,,
UVS,SWA-90,Atoll,Atoll,NotApp,0,,
UVS,OFU-01,Manua,Manua,NotApp,0.2,,
UVS,OFU-02,Manua,Manua,NotApp,0.2,,
UVS,OFU-03,Manua,Manua,NotApp,0.2,,
UVS,OFU-04,Manua,Manua,NotApp,0.2,,
UVS,OFU-06,Manua,Manua,NotApp,0.2,,
UVS,OFU-08,Manua,Manua,NotApp,0.2,,
UVS,OFU-09,Manua,Manua,NotApp,0.2,,
UVS,OFU-201,Manua,Manua,NotApp,0.2,,
UVS,OFU-206,Manua,Manua,NotApp,0.2,,
UVS,OFU-211,Manua,Manua,NotApp,0.2,,
UVS,OFU-214,Manua,Manua,NotApp,0.2,,
UVS,OFU-215,Manua,Manua,NotApp,0.2,,
UVS,OFU-217,Manua,Manua,NotApp,0.2,,
UVS,OFU-219,Manua,Manua,NotApp,0.2,,
UVS,OFU-220,Manua,Manua,NotApp,0.2,,
UVS,OFU-221,Manua,Manua,NotApp,0.2,,
UVS,OFU-225,Manua,Manua,NotApp,0.2,,
UVS,OFU-226,Manua,Manua,NotApp,0.2,,
UVS,OFU-227,Manua,Manua,NotApp,0.2,,
UVS,OFU-228,Manua,Manua,NotApp,0.2,,
UVS,OFU-229,Manua,Manua,NotApp,0.2,,
UVS,OFU-233,Manua,Manua,NotApp,0.2,,
UVS,OFU-406,Manua,Manua,NotApp,0.2,,
UVS,OFU-408,Manua,Manua,NotApp,0.2,,
UVS,OFU-417,Manua,Manua,NotApp,0.2,,
UVS,OFU-419,Manua,Manua,NotApp,0.2,,
UVS,OFU-421,Manua,Manua,NotApp,0.2,,
UVS,OFU-422,Manua,Manua,NotApp,0.2,,
UVS,OFU-425,Manua,Manua,NotApp,0.2,,
UVS,OFU-426,Manua,Manua,NotApp,0.2,,
UVS,OFU-429,Manua,Manua,NotApp,0.2,,
UVS,OFU-433,Manua,Manua,NotApp,0.2,,
UVS,OFU-437,Manua,Manua,NotApp,0.2,,
UVS,OFU-446,Manua,Manua,NotApp,0.2,,
UVS,OFU-449,Manua,Manua,NotApp,0.2,,
UVS,OFU-455,Manua,Manua,NotApp,0.2,,
UVS,OFU-457,Manua,Manua,NotApp,0.2,,
UVS,OFU-467,Manua,Manua,NotApp,0.2,,
UVS,OFU-473,Manua,Manua,NotApp,0.2,,
UVS,OFU-474,Manua,Manua,NotApp,0.2,,
UVS,OFU-476,Manua,Manua,NotApp,0.2,,
UVS,OFU-477,Manua,Manua,NotApp,0.2,,
UVS,OFU-478,Manua,Manua,NotApp,0.2,,
UVS,OFU-481,Manua,Manua,NotApp,0.2,,
UVS,OFU-483,Manua,Manua,NotApp,0.2,,
UVS,OFU-484,Manua,Manua,NotApp,0.2,,
UVS,OFU-492,Manua,Manua,NotApp,0.2,,
UVS,OFU-50,Manua,Manua,NotApp,0.2,,
UVS,OFU-503,Manua,Manua,NotApp,0.2,,
UVS,OFU-509,Manua,Manua,NotApp,0.2,,
UVS,OFU-51,Manua,Manua,NotApp,0.2,,
UVS,OFU-514,Manua,Manua,NotApp,0.2,,
UVS,OFU-517,Manua,Manua,NotApp,0.2,,
UVS,OFU-518,Manua,Manua,NotApp,0.2,,
UVS,OFU-523,Manua,Manua,NotApp,0.2,,
UVS,OFU-525,Manua,Manua,NotApp,0.2,,
UVS,OFU-529,Manua,Manua,NotApp,0.2,,
UVS,OFU-53,Manua,Manua,NotApp,0.2,,
UVS,OFU-532,Manua,Manua,NotApp,0.2,,
UVS,OFU-535,Manua,Manua,NotApp,0.2,,
UVS,OFU-537,Manua,Manua,NotApp,0.2,,
UVS,OFU-540,Manua,Manua,NotApp,0.2,,
UVS,OFU-547,Manua,Manua,NotApp,0.2,,
UVS,OFU-551,Manua,Manua,NotApp,0.2,,
UVS,OFU-554,Manua,Manua,NotApp,0.2,,
UVS,OFU-556,Manua,Manua,NotApp,0.2,,
UVS,OFU-557,Manua,Manua,NotApp,0.2,,
UVS,OFU-559,Manua,Manua,NotApp,0.2,,
UVS,OFU-561,Manua,Manua,NotApp,0.2,,
UVS,OFU-564,Manua,Manua,NotApp,0.2,,
UVS,OFU-566,Manua,Manua,NotApp,0.2,,
UVS,OFU-568,Manua,Manua,NotApp,0.2,,
UVS,OFU-570,Manua,Manua,NotApp,0.2,,
UVS,OFU-571,Manua,Manua,NotApp,0.2,,
UVS,OFU-572,Manua,Manua,NotApp,0.2,,
UVS,OFU-575,Manua,Manua,NotApp,0.2,,
UVS,OFU-577,Manua,Manua,NotApp,0.2,,
UVS,OFU-578,Manua,Manua,NotApp,0.2,,
UVS,OFU-579,Manua,Manua,NotApp,0.2,,
UVS,OFU-580,Manua,Manua,NotApp,0.2,,
UVS,OFU-582,Manua,Manua,NotApp,0.2,,
UVS,OFU-588,Manua,Manua,NotApp,0.2,,
UVS,OFU-590,Manua,Manua,NotApp,0.2,,
UVS,OFU-591,Manua,Manua,NotApp,0.2,,
UVS,OFU-592,Manua,Manua,NotApp,0.2,,
UVS,OFU-594,Manua,Manua,NotApp,0.2,,
UVS,OFU-596,Manua,Manua,NotApp,0.2,,
UVS,OFU-599,Manua,Manua,NotApp,0.2,,
UVS,OFU-603,Manua,Manua,NotApp,0.2,,
UVS,OFU-604,Manua,Manua,NotApp,0.2,,
UVS,OFU-610,Manua,Manua,NotApp,0.2,,
UVS,OFU-614,Manua,Manua,NotApp,0.2,,
UVS,OFU-616,Manua,Manua,NotApp,0.2,,
UVS,OFU-619,Manua,Manua,NotApp,0.2,,
UVS,OFU-620,Manua,Manua,NotApp,0.2,,
UVS,OFU-624,Manua,Manua,NotApp,0.2,,
UVS,OFU-625,Manua,Manua,NotApp,0.2,,
UVS,OFU-630,Manua,Manua,NotApp,0.2,,
UVS,OFU-631,Manua,Manua,NotApp,0.2,,
UVS,OFU-788,Manua,Manua,NotApp,0.2,,
UVS,OFU-792,Manua,Manua,NotApp,0.2,,
UVS,OFU-795,Manua,Manua,NotApp,0.2,,
UVS,OFU-800,Manua,Manua,NotApp,0.2,,
UVS,OFU-827,Manua,Manua,NotApp,0.2,,
UVS,OFU-830,Manua,Manua,NotApp,0.2,,
UVS,OFU-841,Manua,Manua,NotApp,0.2,,
UVS,OFU-853,Manua,Manua,NotApp,0.2,,
UVS,OFU-857,Manua,Manua,NotApp,0.2,,
UVS,OFU-858,Manua,Manua,NotApp,0.2,,
UVS,OFU-879,Manua,Manua,NotApp,0.2,,
UVS,OFU-883,Manua,Manua,NotApp,0.2,,
UVS,OFU-886,Manua,Manua,NotApp,0.2,,
UVS,OFU-891,Manua,Manua,NotApp,0.2,,
UVS,OFU-892,Manua,Manua,NotApp,0.2,,
UVS,OFU-893,Manua,Manua,NotApp,0.2,,
UVS,OFU-895,Manua,Manua,NotApp,0.2,,
UVS,OFU-896,Manua,Manua,NotApp,0.2,,
UVS,OFU-902,Manua,Manua,NotApp,0.2,,
UVS,OFU-904,Manua,Manua,NotApp,0.2,,
UVS,OFU-912,Manua,Manua,NotApp,0.2,,
UVS,OFU-919,Manua,Manua,NotApp,0.2,,
UVS,OFU-929,Manua,Manua,NotApp,0.2,,
UVS,OFU-931,Manua,Manua,NotApp,0.2,,
UVS,OFU-935,Manua,Manua,NotApp,0.2,,
UVS,OFU-937,Manua,Manua,NotApp,0.2,,
UVS,OFU-943,Manua,Manua,NotApp,0.2,,
UVS,OFU-944,Manua,Manua,NotApp,0.2,,
UVS,OFU-951,Manua,Manua,NotApp,0.2,,
UVS,OFU-955,Manua,Manua,NotApp,0.2,,
UVS,OFU-957,Manua,Manua,NotApp,0.2,,
UVS,OFU-973,Manua,Manua,NotApp,0.2,,
UVS,OFU-974,Manua,Manua,NotApp,0.2,,
UVS,OFU-977,Manua,Manua,NotApp,0.2,,
UVS,OFU-981,Manua,Manua,NotApp,0.2,,
UVS,OFU-985,Manua,Manua,NotApp,0.2,,
UVS,OLO-01,Manua,Manua,NotApp,0.2,,
UVS,OLO-02,Manua,Manua,NotApp,0.2,,
UVS,OLO-04,Manua,Manua,NotApp,0.2,,
UVS,OLO-05,Manua,Manua,NotApp,0.2,,
UVS,OLO-06,Manua,Manua,NotApp,0.2,,
UVS,OLO-203,Manua,Manua,NotApp,0.2,,
UVS,OLO-204,Manua,Manua,NotApp,0.2,,
UVS,OLO-207,Manua,Manua,NotApp,0.2,,
UVS,OLO-208,Manua,Manua,NotApp,0.2,,
UVS,OLO-210,Manua,Manua,NotApp,0.2,,
UVS,OLO-212,Manua,Manua,NotApp,0.2,,
UVS,OLO-213,Manua,Manua,NotApp,0.2,,
UVS,OLO-218,Manua,Manua,NotApp,0.2,,
UVS,OLO-223,Manua,Manua,NotApp,0.2,,
UVS,OLO-232,Manua,Manua,NotApp,0.2,,
UVS,OLO-424,Manua,Manua,NotApp,0.2,,
UVS,OLO-443,Manua,Manua,NotApp,0.2,,
UVS,OLO-445,Manua,Manua,NotApp,0.2,,
UVS,OLO-447,Manua,Manua,NotApp,0.2,,
UVS,OLO-451,Manua,Manua,NotApp,0.2,,
UVS,OLO-452,Manua,Manua,NotApp,0.2,,
UVS,OLO-459,Manua,Manua,NotApp,0.2,,
UVS,OLO-465,Manua,Manua,NotApp,0.2,,
UVS,OLO-469,Manua,Manua,NotApp,0.2,,
UVS,OLO-471,Manua,Manua,NotApp,0.2,,
UVS,OLO-475,Manua,Manua,NotApp,0.2,,
UVS,OLO-479,Manua,Manua,NotApp,0.2,,
UVS,OLO-480,Manua,Manua,NotApp,0.2,,
UVS,OLO-52,Manua,Manua,NotApp,0.2,,
UVS,TAU-01,Manua,Manua,NotApp,0.2,,
UVS,TAU-02,Manua,Manua,NotApp,0.2,,
UVS,TAU-03,Manua,Manua,NotApp,0.2,,
UVS,TAU-04,Manua,Manua,NotApp,0.2,,
UVS,TAU-05,Manua,Manua,NotApp,0.2,,
UVS,TAU-06,Manua,Manua,NotApp,0.2,,
UVS,TAU-07,Manua,Manua,NotApp,0.2,,
UVS,TAU-08,Manua,Manua,NotApp,0.2,,
UVS,TAU-09,Manua,Manua,NotApp,0.2,,
UVS,TAU-10,Manua,Manua,NotApp,0.2,,
UVS,TAU-1003,Manua,Manua,NotApp,0.2,,
UVS,TAU-1007,Manua,Manua,NotApp,0.2,,
UVS,TAU-101,Manua,Manua,NotApp,0.2,,
UVS,TAU-1019,Manua,Manua,NotApp,0.2,,
UVS,TAU-1022,Manua,Manua,NotApp,0.2,,
UVS,TAU-103,Manua,Manua,NotApp,0.2,,
UVS,TAU-105,Manua,Manua,NotApp,0.2,,
UVS,TAU-11,Manua,Manua,NotApp,0.2,,
UVS,TAU-12,Manua,Manua,NotApp,0.2,,
UVS,TAU-200,Manua,Manua,NotApp,0.2,,
UVS,TAU-201,Manua,Manua,NotApp,0.2,,
UVS,TAU-206,Manua,Manua,NotApp,0.2,,
UVS,TAU-207,Manua,Manua,NotApp,0.2,,
UVS,TAU-210,Manua,Manua,NotApp,0.2,,
UVS,TAU-213,Manua,Manua,NotApp,0.2,,
UVS,TAU-214,Manua,Manua,NotApp,0.2,,
UVS,TAU-215,Manua,Manua,NotApp,0.2,,
UVS,TAU-216,Manua,Manua,NotApp,0.2,,
UVS,TAU-217,Manua,Manua,NotApp,0.2,,
UVS,TAU-219,Manua,Manua,NotApp,0.2,,
UVS,TAU-224,Manua,Manua,NotApp,0.2,,
UVS,TAU-226,Manua,Manua,NotApp,0.2,,
UVS,TAU-228,Manua,Manua,NotApp,0.2,,
UVS,TAU-230,Manua,Manua,NotApp,0.2,,
UVS,TAU-235,Manua,Manua,NotApp,0.2,,
UVS,TAU-237,Manua,Manua,NotApp,0.2,,
UVS,TAU-241,Manua,Manua,NotApp,0.2,,
UVS,TAU-242,Manua,Manua,NotApp,0.2,,
UVS,TAU-243,Manua,Manua,NotApp,0.2,,
UVS,TAU-246,Manua,Manua,NotApp,0.2,,
UVS,TAU-431,Manua,Manua,NotApp,0.2,,
UVS,TAU-437,Manua,Manua,NotApp,0.2,,
UVS,TAU-442,Manua,Manua,NotApp,0.2,,
UVS,TAU-447,Manua,Manua,NotApp,0.2,,
UVS,TAU-451,Manua,Manua,NotApp,0.2,,
UVS,TAU-452,Manua,Manua,NotApp,0.2,,
UVS,TAU-453,Manua,Manua,NotApp,0.2,,
UVS,TAU-454,Manua,Manua,NotApp,0.2,,
UVS,TAU-455,Manua,Manua,NotApp,0.2,,
UVS,TAU-456,Manua,Manua,NotApp,0.2,,
UVS,TAU-457,Manua,Manua,NotApp,0.2,,
UVS,TAU-460,Manua,Manua,NotApp,0.2,,
UVS,TAU-461,Manua,Manua,NotApp,0.2,,
UVS,TAU-462,Manua,Manua,NotApp,0.2,,
UVS,TAU-463,Manua,Manua,NotApp,0.2,,
UVS,TAU-465,Manua,Manua,NotApp,0.2,,
UVS,TAU-470,Manua,Manua,NotApp,0.2,,
UVS,TAU-473,Manua,Manua,NotApp,0.2,,
UVS,TAU-474,Manua,Manua,NotApp,0.2,,
UVS,TAU-476,Manua,Manua,NotApp,0.2,,
UVS,TAU-477,Manua,Manua,NotApp,0.2,,
UVS,TAU-479,Manua,Manua,NotApp,0.2,,
UVS,TAU-484,Manua,Manua,NotApp,0.2,,
UVS,TAU-485,Manua,Manua,NotApp,0.2,,
UVS,TAU-486,Manua,Manua,NotApp,0.2,,
UVS,TAU-489,Manua,Manua,NotApp,0.2,,
UVS,TAU-490,Manua,Manua,NotApp,0.2,,
UVS,TAU-491,Manua,Manua,NotApp,0.2,,
UVS,TAU-492,Manua,Manua,NotApp,0.2,,
UVS,TAU-494,Manua,Manua,NotApp,0.2,,
UVS,TAU-496,Manua,Manua,NotApp,0.2,,
UVS,TAU-497,Manua,Manua,NotApp,0.2,,
UVS,TAU-499,Manua,Manua,NotApp,0.2,,
UVS,TAU-50,Manua,Manua,NotApp,0.2,,
UVS,TAU-501,Manua,Manua,NotApp,0.2,,
UVS,TAU-505,Manua,Manua,NotApp,0.2,,
UVS,TAU-508,Manua,Manua,NotApp,0.2,,
UVS,TAU-509,Manua,Manua,NotApp,0.2,,
UVS,TAU-51,Manua,Manua,NotApp,0.2,,
UVS,TAU-511,Manua,Manua,NotApp,0.2,,
UVS,TAU-513,Manua,Manua,NotApp,0.2,,
UVS,TAU-515,Manua,Manua,NotApp,0.2,,
UVS,TAU-516,Manua,Manua,NotApp,0.2,,
UVS,TAU-517,Manua,Manua,NotApp,0.2,,
UVS,TAU-519,Manua,Manua,NotApp,0.2,,
UVS,TAU-52,Manua,Manua,NotApp,0.2,,
UVS,TAU-523,Manua,Manua,NotApp,0.2,,
UVS,TAU-524,Manua,Manua,NotApp,0.2,,
UVS,TAU-526,Manua,Manua,NotApp,0.2,,
UVS,TAU-527,Manua,Manua,NotApp,0.2,,
UVS,TAU-530,Manua,Manua,NotApp,0.2,,
UVS,TAU-562,Manua,Manua,NotApp,0.2,,
UVS,TAU-61,Manua,Manua,NotApp,0.2,,
UVS,TAU-62,Manua,Manua,NotApp,0.2,,
UVS,TAU-63,Manua,Manua,NotApp,0.2,,
UVS,TAU-65,Manua,Manua,NotApp,0.2,,
UVS,TAU-67,Manua,Manua,NotApp,0.2,,
UVS,TAU-71,Manua,Manua,NotApp,0.2,,
UVS,TAU-73,Manua,Manua,NotApp,0.2,,
UVS,TAU-75,Manua,Manua,NotApp,0.2,,
UVS,TAU-77,Manua,Manua,NotApp,0.2,,
UVS,TAU-771,Manua,Manua,NotApp,0.2,,
UVS,TAU-773,Manua,Manua,NotApp,0.2,,
UVS,TAU-779,Manua,Manua,NotApp,0.2,,
UVS,TAU-780,Manua,Manua,NotApp,0.2,,
UVS,TAU-781,Manua,Manua,NotApp,0.2,,
UVS,TAU-783,Manua,Manua,NotApp,0.2,,
UVS,TAU-786,Manua,Manua,NotApp,0.2,,
UVS,TAU-795,Manua,Manua,NotApp,0.2,,
UVS,TAU-797,Manua,Manua,NotApp,0.2,,
UVS,TAU-798,Manua,Manua,NotApp,0.2,,
UVS,TAU-80,Manua,Manua,NotApp,0.2,,
UVS,TAU-800,Manua,Manua,NotApp,0.2,,
UVS,TAU-804,Manua,Manua,NotApp,0.2,,
UVS,TAU-808,Manua,Manua,NotApp,0.2,,
UVS,TAU-809,Manua,Manua,NotApp,0.2,,
UVS,TAU-81,Manua,Manua,NotApp,0.2,,
UVS,TAU-810,Manua,Manua,NotApp,0.2,,
UVS,TAU-811,Manua,Manua,NotApp,0.2,,
UVS,TAU-814,Manua,Manua,NotApp,0.2,,
UVS,TAU-816,Manua,Manua,NotApp,0.2,,
UVS,TAU-824,Manua,Manua,NotApp,0.2,,
UVS,TAU-826,Manua,Manua,NotApp,0.2,,
UVS,TAU-827,Manua,Manua,NotApp,0.2,,
UVS,TAU-828,Manua,Manua,NotApp,0.2,,
UVS,TAU-83,Manua,Manua,NotApp,0.2,,
UVS,TAU-830,Manua,Manua,NotApp,0.2,,
UVS,TAU-832,Manua,Manua,NotApp,0.2,,
UVS,TAU-835,Manua,Manua,NotApp,0.2,,
UVS,TAU-836,Manua,Manua,NotApp,0.2,,
UVS,TAU-837,Manua,Manua,NotApp,0.2,,
UVS,TAU-838,Manua,Manua,NotApp,0.2,,
UVS,TAU-842,Manua,Manua,NotApp,0.2,,
UVS,TAU-844,Manua,Manua,NotApp,0.2,,
UVS,TAU-845,Manua,Manua,NotApp,0.2,,
UVS,TAU-847,Manua,Manua,NotApp,0.2,,
UVS,TAU-848,Manua,Manua,NotApp,0.2,,
UVS,TAU-85,Manua,Manua,NotApp,0.2,,
UVS,TAU-851,Manua,Manua,NotApp,0.2,,
UVS,TAU-852,Manua,Manua,NotApp,0.2,,
UVS,TAU-854,Manua,Manua,NotApp,0.2,,
UVS,TAU-856,Manua,Manua,NotApp,0.2,,
UVS,TAU-857,Manua,Manua,NotApp,0.2,,
UVS,TAU-859,Manua,Manua,NotApp,0.2,,
UVS,TAU-862,Manua,Manua,NotApp,0.2,,
UVS,TAU-863,Manua,Manua,NotApp,0.2,,
UVS,TAU-864,Manua,Manua,NotApp,0.2,,
UVS,TAU-865,Manua,Manua,NotApp,0.2,,
UVS,TAU-869,Manua,Manua,NotApp,0.2,,
UVS,TAU-87,Manua,Manua,NotApp,0.2,,
UVS,TAU-870,Manua,Manua,NotApp,0.2,,
UVS,TAU-872,Manua,Manua,NotApp,0.2,,
UVS,TAU-875,Manua,Manua,NotApp,0.2,,
UVS,TAU-879,Manua,Manua,NotApp,0.2,,
UVS,TAU-885,Manua,Manua,NotApp,0.2,,
UVS,TAU-888,Manua,Manua,NotApp,0.2,,
UVS,TAU-890,Manua,Manua,NotApp,0.2,,
UVS,TAU-894,Manua,Manua,NotApp,0.2,,
UVS,TAU-897,Manua,Manua,NotApp,0.2,,
UVS,TAU-900,Manua,Manua,NotApp,0.2,,
UVS,TAU-906,Manua,Manua,NotApp,0.2,,
UVS,TAU-91,Manua,Manua,NotApp,0.2,,
UVS,TAU-910,Manua,Manua,NotApp,0.2,,
UVS,TAU-919,Manua,Manua,NotApp,0.2,,
UVS,TAU-923,Manua,Manua,NotApp,0.2,,
UVS,TAU-93,Manua,Manua,NotApp,0.2,,
UVS,TAU-938,Manua,Manua,NotApp,0.2,,
UVS,TAU-941,Manua,Manua,NotApp,0.2,,
UVS,TAU-943,Manua,Manua,NotApp,0.2,,
UVS,TAU-945,Manua,Manua,NotApp,0.2,,
UVS,TAU-947,Manua,Manua,NotApp,0.2,,
UVS,TAU-95,Manua,Manua,NotApp,0.2,,
UVS,TAU-950,Manua,Manua,NotApp,0.2,,
UVS,TAU-951,Manua,Manua,NotApp,0.2,,
UVS,TAU-952,Manua,Manua,NotApp,0.2,,
UVS,TAU-958,Manua,Manua,NotApp,0.2,,
UVS,TAU-961,Manua,Manua,NotApp,0.2,,
UVS,TAU-97,Manua,Manua,NotApp,0.2,,
UVS,TAU-975,Manua,Manua,NotApp,0.2,,
UVS,TAU-979,Manua,Manua,NotApp,0.2,,
UVS,TAU-98,Manua,Manua,NotApp,0.2,,
UVS,TAU-983,Manua,Manua,NotApp,0.2,,
UVS,TAU-987,Manua,Manua,NotApp,0.2,,
UVS,TAU-992,Manua,Manua,NotApp,0.2,,
UVS,TAU-993,Manua,Manua,NotApp,0.2,,
UVS,TUT-04,Tut_North,Tut_North,NotApp,0.4,,
UVS,TUT-05,Tut_North,Tut_North,NotApp,0.4,,
UVS,TUT-07,Tut_North,Tut_North,NotApp,0.4,,
UVS,TUT-08,Tut_North,Tut_North,NotApp,0.4,,
UVS,TUT-1006,Tut_North,Tut_North,NotApp,0.4,,
UVS,TUT-1009,Tut_North,Tut_North,NotApp,0.4,,
UVS,TUT-1010,Tut_North,Tut_North,NotApp,0.4,,
UVS,TUT-1024,Tut_North,Tut_North,NotApp,0.4,,
UVS,TUT-1025,Tut_North,Tut_North,NotApp,0.4,,
UVS,TUT-1026,Tut_North,Tut_North,NotApp,0.4,,
UVS,TUT-1028,Tut_North,Tut_North,NotApp,0.4,,
UVS,TUT-1043,Tut_North,Tut_North,NotApp,0.4,,
UVS,TUT-1044,Tut_North,Tut_North,NotApp,0.4,,
UVS,TUT-1046,Tut_North,Tut_North,NotApp,0.4,,
UVS,TUT-1047,Tut_North,Tut_North,NotApp,0.4,,
UVS,TUT-1060,Tut_North,Tut_North,NotApp,0.4,,
UVS,TUT-1062,Tut_North,Tut_North,NotApp,0.4,,
UVS,TUT-1064,Tut_North,Tut_North,NotApp,0.4,,
UVS,TUT-1065,Tut_North,Tut_North,NotApp,0.4,,
UVS,TUT-1079,Tut_North,Tut_North,NotApp,0.4,,
UVS,TUT-1081,Tut_North,Tut_North,NotApp,0.4,,
UVS,TUT-1096,Tut_North,Tut_North,NotApp,0.4,,
UVS,TUT-1098,Tut_North,Tut_North,NotApp,0.4,,
UVS,TUT-1099,Tut_North,Tut_North,NotApp,0.4,,
UVS,TUT-1100,Tut_North,Tut_North,NotApp,0.4,,
UVS,TUT-1112,Tut_North,Tut_North,NotApp,0.4,,
UVS,TUT-1114,Tut_North,Tut_North,NotApp,0.4,,
UVS,TUT-1115,Tut_North,Tut_North,NotApp,0.4,,
UVS,TUT-1117,Tut_North,Tut_North,NotApp,0.4,,
UVS,TUT-1133,Tut_North,Tut_North,NotApp,0.4,,
UVS,TUT-1149,Tut_North,Tut_North,NotApp,0.4,,
UVS,TUT-1152,Tut_North,Tut_North,NotApp,0.4,,
UVS,TUT-1153,Tut_North,Tut_North,NotApp,0.4,,
UVS,TUT-1154,Tut_North,Tut_North,NotApp,0.4,,
UVS,TUT-1169,Tut_North,Tut_North,NotApp,0.4,,
UVS,TUT-1182,Tut_North,Tut_North,NotApp,0.4,,
UVS,TUT-1184,Tut_North,Tut_North,NotApp,0.4,,
UVS,TUT-1198,Tut_North,Tut_North,NotApp,0.4,,
UVS,TUT-1199,Tut_North,Tut_North,NotApp,0.4,,
UVS,TUT-12,Tut_North,Tut_North,NotApp,0.4,,
UVS,TUT-1214,Tut_North,Tut_North,NotApp,0.4,,
UVS,TUT-1228,Tut_North,Tut_North,NotApp,0.4,,
UVS,TUT-1257,Tut_North,Tut_North,NotApp,0.4,,
UVS,TUT-13,Tut_North,Tut_North,NotApp,0.4,,
UVS,TUT-14,Tut_North,Tut_North,NotApp,0.4,,
UVS,TUT-17,Tut_North,Tut_North,NotApp,0.4,,
UVS,TUT-18,Tut_North,Tut_North,NotApp,0.4,,
UVS,TUT-19,Tut_North,Tut_North,NotApp,0.4,,
UVS,TUT-205,Tut_North,Tut_North,NotApp,0.4,,
UVS,TUT-206,Tut_North,Tut_North,NotApp,0.4,,
UVS,TUT-208,Tut_North,Tut_North,NotApp,0.4,,
UVS,TUT-209,Tut_North,Tut_North,NotApp,0.4,,
UVS,TUT-219,Tut_North,Tut_North,NotApp,0.4,,
UVS,TUT-2256,Tut_North,Tut_North,NotApp,0.4,,
UVS,TUT-2258,Tut_North,Tut_North,NotApp,0.4,,
UVS,TUT-2259,Tut_North,Tut_North,NotApp,0.4,,
UVS,TUT-2260,Tut_North,Tut_North,NotApp,0.4,,
UVS,TUT-2261,Tut_North,Tut_North,NotApp,0.4,,
UVS,TUT-2262,Tut_North,Tut_North,NotApp,0.4,,
UVS,TUT-2263,Tut_North,Tut_North,NotApp,0.4,,
UVS,TUT-2264,Tut_North,Tut_North,NotApp,0.4,,
UVS,TUT-2265,Tut_North,Tut_North,NotApp,0.4,,
UVS,TUT-2266,Tut_North,Tut_North,NotApp,0.4,,
UVS,TUT-2270,Tut_North,Tut_North,NotApp,0.4,,
UVS,TUT-2271,Tut_North,Tut_North,NotApp,0.4,,
UVS,TUT-2274,Tut_North,Tut_North,NotApp,0.4,,
UVS,TUT-2279,Tut_North,Tut_North,NotApp,0.4,,
UVS,TUT-228,Tut_North,Tut_North,NotApp,0.4,,
UVS,TUT-2280,Tut_North,Tut_North,NotApp,0.4,,
UVS,TUT-2281,Tut_North,Tut_North,NotApp,0.4,,
UVS,TUT-2282,Tut_North,Tut_North,NotApp,0.4,,
UVS,TUT-2283,Tut_North,Tut_North,NotApp,0.4,,
UVS,TUT-2284,Tut_North,Tut_North,NotApp,0.4,,
UVS,TUT-2285,Tut_North,Tut_North,NotApp,0.4,,
UVS,TUT-2286,Tut_North,Tut_North,NotApp,0.4,,
UVS,TUT-2287,Tut_North,Tut_North,NotApp,0.4,,
UVS,TUT-2288,Tut_North,Tut_North,NotApp,0.4,,
UVS,TUT-229,Tut_North,Tut_North,NotApp,0.4,,
UVS,TUT-2290,Tut_North,Tut_North,NotApp,0.4,,
UVS,TUT-2291,Tut_North,Tut_North,NotApp,0.4,,
UVS,TUT-2292,Tut_North,Tut_North,NotApp,0.4,,
UVS,TUT-2294,Tut_North,Tut_North,NotApp,0.4,,
UVS,TUT-2295,Tut_North,Tut_North,NotApp,0.4,,
UVS,TUT-2296,Tut_North,Tut_North,NotApp,0.4,,
UVS,TUT-2297,Tut_North,Tut_North,NotApp,0.4,,
UVS,TUT-2299,Tut_North,Tut_North,NotApp,0.4,,
UVS,TUT-2300,Tut_North,Tut_North,NotApp,0.4,,
UVS,TUT-2302,Tut_North,Tut_North,NotApp,0.4,,
UVS,TUT-2303,Tut_North,Tut_North,NotApp,0.4,,
UVS,TUT-2305,Tut_North,Tut_North,NotApp,0.4,,
UVS,TUT-2306,Tut_North,Tut_North,NotApp,0.4,,
UVS,TUT-2310,Tut_North,Tut_North,NotApp,0.4,,
UVS,TUT-2314,Tut_North,Tut_North,NotApp,0.4,,
UVS,TUT-2315,Tut_North,Tut_North,NotApp,0.4,,
UVS,TUT-2316,Tut_North,Tut_North,NotApp,0.4,,
UVS,TUT-2317,Tut_North,Tut_North,NotApp,0.4,,
UVS,TUT-2324,Tut_North,Tut_North,NotApp,0.4,,
UVS,TUT-2325,Tut_North,Tut_North,NotApp,0.4,,
UVS,TUT-2327,Tut_North,Tut_North,NotApp,0.4,,
UVS,TUT-2328,Tut_North,Tut_North,NotApp,0.4,,
UVS,TUT-2336,Tut_North,Tut_North,NotApp,0.4,,
UVS,TUT-2346,Tut_North,Tut_North,NotApp,0.4,,
UVS,TUT-236,Tut_North,Tut_North,NotApp,0.4,,
UVS,TUT-244,Tut_North,Tut_North,NotApp,0.4,,
UVS,TUT-245,Tut_North,Tut_North,NotApp,0.4,,
UVS,TUT-246,Tut_North,Tut_North,NotApp,0.4,,
UVS,TUT-252,Tut_North,Tut_North,NotApp,0.4,,
UVS,TUT-259,Tut_North,Tut_North,NotApp,0.4,,
UVS,TUT-264,Tut_North,Tut_North,NotApp,0.4,,
UVS,TUT-272,Tut_North,Tut_North,NotApp,0.4,,
UVS,TUT-275,Tut_North,Tut_North,NotApp,0.4,,
UVS,TUT-276,Tut_North,Tut_North,NotApp,0.4,,
UVS,TUT-278,Tut_North,Tut_North,NotApp,0.4,,
UVS,TUT-287,Tut_North,Tut_North,NotApp,0.4,,
UVS,TUT-2903,Tut_North,Tut_North,NotApp,0.4,,
UVS,TUT-2909,Tut_North,Tut_North,NotApp,0.4,,
UVS,TUT-291,Tut_North,Tut_North,NotApp,0.4,,
UVS,TUT-2924,Tut_North,Tut_North,NotApp,0.4,,
UVS,TUT-2926,Tut_North,Tut_North,NotApp,0.4,,
UVS,TUT-2932,Tut_North,Tut_North,NotApp,0.4,,
UVS,TUT-2933,Tut_North,Tut_North,NotApp,0.4,,
UVS,TUT-2934,Tut_North,Tut_North,NotApp,0.4,,
UVS,TUT-2943,Tut_North,Tut_North,NotApp,0.4,,
UVS,TUT-2945,Tut_North,Tut_North,NotApp,0.4,,
UVS,TUT-2949,Tut_North,Tut_North,NotApp,0.4,,
UVS,TUT-2957,Tut_North,Tut_North,NotApp,0.4,,
UVS,TUT-2959,Tut_North,Tut_North,NotApp,0.4,,
UVS,TUT-2960,Tut_North,Tut_North,NotApp,0.4,,
UVS,TUT-2962,Tut_North,Tut_North,NotApp,0.4,,
UVS,TUT-2965,Tut_North,Tut_North,NotApp,0.4,,
UVS,TUT-297,Tut_North,Tut_North,NotApp,0.4,,
UVS,TUT-2977,Tut_North,Tut_North,NotApp,0.4,,
UVS,TUT-2979,Tut_North,Tut_North,NotApp,0.4,,
UVS,TUT-2985,Tut_North,Tut_North,NotApp,0.4,,
UVS,TUT-299,Tut_North,Tut_North,NotApp,0.4,,
UVS,TUT-3007,Tut_North,Tut_North,NotApp,0.4,,
UVS,TUT-3017,Tut_North,Tut_North,NotApp,0.4,,
UVS,TUT-3022,Tut_North,Tut_North,NotApp,0.4,,
UVS,TUT-303,Tut_North,Tut_North,NotApp,0.4,,
UVS,TUT-3038,Tut_North,Tut_North,NotApp,0.4,,
UVS,TUT-304,Tut_North,Tut_North,NotApp,0.4,,
UVS,TUT-3040,Tut_North,Tut_North,NotApp,0.4,,
UVS,TUT-3049,Tut_North,Tut_North,NotApp,0.4,,
UVS,TUT-3050,Tut_North,Tut_North,NotApp,0.4,,
UVS,TUT-3063,Tut_North,Tut_North,NotApp,0.4,,
UVS,TUT-3070,Tut_North,Tut_North,NotApp,0.4,,
UVS,TUT-3071,Tut_North,Tut_North,NotApp,0.4,,
UVS,TUT-3072,Tut_North,Tut_North,NotApp,0.4,,
UVS,TUT-3074,Tut_North,Tut_North,NotApp,0.4,,
UVS,TUT-308,Tut_North,Tut_North,NotApp,0.4,,
UVS,TUT-3080,Tut_North,Tut_North,NotApp,0.4,,
UVS,TUT-3086,Tut_North,Tut_North,NotApp,0.4,,
UVS,TUT-3087,Tut_North,Tut_North,NotApp,0.4,,
UVS,TUT-3108,Tut_North,Tut_North,NotApp,0.4,,
UVS,TUT-3113,Tut_North,Tut_North,NotApp,0.4,,
UVS,TUT-3114,Tut_North,Tut_North,NotApp,0.4,,
UVS,TUT-3118,Tut_North,Tut_North,NotApp,0.4,,
UVS,TUT-3119,Tut_North,Tut_North,NotApp,0.4,,
UVS,TUT-3125,Tut_North,Tut_North,NotApp,0.4,,
UVS,TUT-3129,Tut_North,Tut_North,NotApp,0.4,,
UVS,TUT-3135,Tut_North,Tut_North,NotApp,0.4,,
UVS,TUT-3143,Tut_North,Tut_North,NotApp,0.4,,
UVS,TUT-3144,Tut_North,Tut_North,NotApp,0.4,,
UVS,TUT-320,Tut_North,Tut_North,NotApp,0.4,,
UVS,TUT-326,Tut_North,Tut_North,NotApp,0.4,,
UVS,TUT-327,Tut_North,Tut_North,NotApp,0.4,,
UVS,TUT-331,Tut_North,Tut_North,NotApp,0.4,,
UVS,TUT-342,Tut_North,Tut_North,NotApp,0.4,,
UVS,TUT-343,Tut_North,Tut_North,NotApp,0.4,,
UVS,TUT-355,Tut_North,Tut_North,NotApp,0.4,,
UVS,TUT-357,Tut_North,Tut_North,NotApp,0.4,,
UVS,TUT-367,Tut_North,Tut_North,NotApp,0.4,,
UVS,TUT-368,Tut_North,Tut_North,NotApp,0.4,,
UVS,TUT-371,Tut_North,Tut_North,NotApp,0.4,,
UVS,TUT-373,Tut_North,Tut_North,NotApp,0.4,,
UVS,TUT-375,Tut_North,Tut_North,NotApp,0.4,,
UVS,TUT-376,Tut_North,Tut_North,NotApp,0.4,,
UVS,TUT-379,Tut_North,Tut_North,NotApp,0.4,,
UVS,TUT-401,Tut_North,Tut_North,NotApp,0.4,,
UVS,TUT-413,Tut_North,Tut_North,NotApp,0.4,,
UVS,TUT-421,Tut_North,Tut_North,NotApp,0.4,,
UVS,TUT-457,Tut_North,Tut_North,NotApp,0.4,,
UVS,TUT-471,Tut_North,Tut_North,NotApp,0.4,,
UVS,TUT-481,Tut_North,Tut_North,NotApp,0.4,,
UVS,TUT-484,Tut_North,Tut_North,NotApp,0.4,,
UVS,TUT-491,Tut_North,Tut_North,NotApp,0.4,,
UVS,TUT-50,Tut_North,Tut_North,NotApp,0.4,,
UVS,TUT-500,Tut_North,Tut_North,NotApp,0.4,,
UVS,TUT-503,Tut_North,Tut_North,NotApp,0.4,,
UVS,TUT-506,Tut_North,Tut_North,NotApp,0.4,,
UVS,TUT-509,Tut_North,Tut_North,NotApp,0.4,,
UVS,TUT-51,Tut_North,Tut_North,NotApp,0.4,,
UVS,TUT-516,Tut_North,Tut_North,NotApp,0.4,,
UVS,TUT-517,Tut_North,Tut_North,NotApp,0.4,,
UVS,TUT-519,Tut_North,Tut_North,NotApp,0.4,,
UVS,TUT-52,Tut_North,Tut_North,NotApp,0.4,,
UVS,TUT-520,Tut_North,Tut_North,NotApp,0.4,,
UVS,TUT-521,Tut_North,Tut_North,NotApp,0.4,,
UVS,TUT-525,Tut_North,Tut_North,NotApp,0.4,,
UVS,TUT-526,Tut_North,Tut_North,NotApp,0.4,,
UVS,TUT-527,Tut_North,Tut_North,NotApp,0.4,,
UVS,TUT-53,Tut_North,Tut_North,NotApp,0.4,,
UVS,TUT-536,Tut_North,Tut_North,NotApp,0.4,,
UVS,TUT-539,Tut_North,Tut_North,NotApp,0.4,,
UVS,TUT-54,Tut_North,Tut_North,NotApp,0.4,,
UVS,TUT-541,Tut_North,Tut_North,NotApp,0.4,,
UVS,TUT-542,Tut_North,Tut_North,NotApp,0.4,,
UVS,TUT-543,Tut_North,Tut_North,NotApp,0.4,,
UVS,TUT-548,Tut_North,Tut_North,NotApp,0.4,,
UVS,TUT-55,Tut_North,Tut_North,NotApp,0.4,,
UVS,TUT-554,Tut_North,Tut_North,NotApp,0.4,,
UVS,TUT-555,Tut_North,Tut_North,NotApp,0.4,,
UVS,TUT-556,Tut_North,Tut_North,NotApp,0.4,,
UVS,TUT-558,Tut_North,Tut_North,NotApp,0.4,,
UVS,TUT-56,Tut_North,Tut_North,NotApp,0.4,,
UVS,TUT-563,Tut_North,Tut_North,NotApp,0.4,,
UVS,TUT-568,Tut_North,Tut_North,NotApp,0.4,,
UVS,TUT-57,Tut_North,Tut_North,NotApp,0.4,,
UVS,TUT-577,Tut_North,Tut_North,NotApp,0.4,,
UVS,TUT-579,Tut_North,Tut_North,NotApp,0.4,,
UVS,TUT-58,Tut_North,Tut_North,NotApp,0.4,,
UVS,TUT-583,Tut_North,Tut_North,NotApp,0.4,,
UVS,TUT-59,Tut_North,Tut_North,NotApp,0.4,,
UVS,TUT-594,Tut_North,Tut_North,NotApp,0.4,,
UVS,TUT-596,Tut_North,Tut_North,NotApp,0.4,,
UVS,TUT-597,Tut_North,Tut_North,NotApp,0.4,,
UVS,TUT-598,Tut_North,Tut_North,NotApp,0.4,,
UVS,TUT-628,Tut_North,Tut_North,NotApp,0.4,,
UVS,TUT-630,Tut_North,Tut_North,NotApp,0.4,,
UVS,TUT-653,Tut_North,Tut_North,NotApp,0.4,,
UVS,TUT-691,Tut_North,Tut_North,NotApp,0.4,,
UVS,SOB-200,Tut_South,Tut_South,NotApp,0.4,,
UVS,SOB-201,Tut_South,Tut_South,NotApp,0.4,,
UVS,TUT-01,Tut_South,Tut_South,NotApp,0.4,,
UVS,TUT-02,Tut_South,Tut_South,NotApp,0.4,,
UVS,TUT-03,Tut_South,Tut_South,NotApp,0.4,,
UVS,TUT-06,Tut_South,Tut_South,NotApp,0.4,,
UVS,TUT-09,Tut_South,Tut_South,NotApp,0.4,,
UVS,TUT-10,Tut_South,Tut_South,NotApp,0.4,,
UVS,TUT-1001,Tut_South,Tut_South,NotApp,0.4,,
UVS,TUT-1003,Tut_South,Tut_South,NotApp,0.4,,
UVS,TUT-1005,Tut_South,Tut_South,NotApp,0.4,,
UVS,TUT-1015,Tut_South,Tut_South,NotApp,0.4,,
UVS,TUT-1016,Tut_South,Tut_South,NotApp,0.4,,
UVS,TUT-1017,Tut_South,Tut_South,NotApp,0.4,,
UVS,TUT-1018,Tut_South,Tut_South,NotApp,0.4,,
UVS,TUT-1021,Tut_South,Tut_South,NotApp,0.4,,
UVS,TUT-1023,Tut_South,Tut_South,NotApp,0.4,,
UVS,TUT-1031,Tut_South,Tut_South,NotApp,0.4,,
UVS,TUT-1032,Tut_South,Tut_South,NotApp,0.4,,
UVS,TUT-1035,Tut_South,Tut_South,NotApp,0.4,,
UVS,TUT-1037,Tut_South,Tut_South,NotApp,0.4,,
UVS,TUT-1040,Tut_South,Tut_South,NotApp,0.4,,
UVS,TUT-1050,Tut_South,Tut_South,NotApp,0.4,,
UVS,TUT-1052,Tut_South,Tut_South,NotApp,0.4,,
UVS,TUT-1053,Tut_South,Tut_South,NotApp,0.4,,
UVS,TUT-1055,Tut_South,Tut_South,NotApp,0.4,,
UVS,TUT-1057,Tut_South,Tut_South,NotApp,0.4,,
UVS,TUT-1067,Tut_South,Tut_South,NotApp,0.4,,
UVS,TUT-1069,Tut_South,Tut_South,NotApp,0.4,,
UVS,TUT-1071,Tut_South,Tut_South,NotApp,0.4,,
UVS,TUT-1072,Tut_South,Tut_South,NotApp,0.4,,
UVS,TUT-1073,Tut_South,Tut_South,NotApp,0.4,,
UVS,TUT-1075,Tut_South,Tut_South,NotApp,0.4,,
UVS,TUT-1077,Tut_South,Tut_South,NotApp,0.4,,
UVS,TUT-1088,Tut_South,Tut_South,NotApp,0.4,,
UVS,TUT-1090,Tut_South,Tut_South,NotApp,0.4,,
UVS,TUT-1091,Tut_South,Tut_South,NotApp,0.4,,
UVS,TUT-1094,Tut_South,Tut_South,NotApp,0.4,,
UVS,TUT-1095,Tut_South,Tut_South,NotApp,0.4,,
UVS,TUT-11,Tut_South,Tut_South,NotApp,0.4,,
UVS,TUT-1102,Tut_South,Tut_South,NotApp,0.4,,
UVS,TUT-1103,Tut_South,Tut_South,NotApp,0.4,,
UVS,TUT-1106,Tut_South,Tut_South,NotApp,0.4,,
UVS,TUT-1109,Tut_South,Tut_South,NotApp,0.4,,
UVS,TUT-1110,Tut_South,Tut_South,NotApp,0.4,,
UVS,TUT-1111,Tut_South,Tut_South,NotApp,0.4,,
UVS,TUT-1124,Tut_South,Tut_South,NotApp,0.4,,
UVS,TUT-1126,Tut_South,Tut_South,NotApp,0.4,,
UVS,TUT-1127,Tut_South,Tut_South,NotApp,0.4,,
UVS,TUT-1128,Tut_South,Tut_South,NotApp,0.4,,
UVS,TUT-1131,Tut_South,Tut_South,NotApp,0.4,,
UVS,TUT-1138,Tut_South,Tut_South,NotApp,0.4,,
UVS,TUT-1139,Tut_South,Tut_South,NotApp,0.4,,
UVS,TUT-1141,Tut_South,Tut_South,NotApp,0.4,,
UVS,TUT-1142,Tut_South,Tut_South,NotApp,0.4,,
UVS,TUT-1144,Tut_South,Tut_South,NotApp,0.4,,
UVS,TUT-1145,Tut_South,Tut_South,NotApp,0.4,,
UVS,TUT-1147,Tut_South,Tut_South,NotApp,0.4,,
UVS,TUT-1157,Tut_South,Tut_South,NotApp,0.4,,
UVS,TUT-1159,Tut_South,Tut_South,NotApp,0.4,,
UVS,TUT-1162,Tut_South,Tut_South,NotApp,0.4,,
UVS,TUT-1171,Tut_South,Tut_South,NotApp,0.4,,
UVS,TUT-1172,Tut_South,Tut_South,NotApp,0.4,,
UVS,TUT-1175,Tut_South,Tut_South,NotApp,0.4,,
UVS,TUT-1176,Tut_South,Tut_South,NotApp,0.4,,
UVS,TUT-1187,Tut_South,Tut_South,NotApp,0.4,,
UVS,TUT-1188,Tut_South,Tut_South,NotApp,0.4,,
UVS,TUT-1189,Tut_South,Tut_South,NotApp,0.4,,
UVS,TUT-1193,Tut_South,Tut_South,NotApp,0.4,,
UVS,TUT-1194,Tut_South,Tut_South,NotApp,0.4,,
UVS,TUT-1195,Tut_South,Tut_South,NotApp,0.4,,
UVS,TUT-1196,Tut_South,Tut_South,NotApp,0.4,,
UVS,TUT-1204,Tut_South,Tut_South,NotApp,0.4,,
UVS,TUT-1205,Tut_South,Tut_South,NotApp,0.4,,
UVS,TUT-1206,Tut_South,Tut_South,NotApp,0.4,,
UVS,TUT-1207,Tut_South,Tut_South,NotApp,0.4,,
UVS,TUT-1208,Tut_South,Tut_South,NotApp,0.4,,
UVS,TUT-1209,Tut_South,Tut_South,NotApp,0.4,,
UVS,TUT-1211,Tut_South,Tut_South,NotApp,0.4,,
UVS,TUT-1212,Tut_South,Tut_South,NotApp,0.4,,
UVS,TUT-1221,Tut_South,Tut_South,NotApp,0.4,,
UVS,TUT-1223,Tut_South,Tut_South,NotApp,0.4,,
UVS,TUT-1226,Tut_South,Tut_South,NotApp,0.4,,
UVS,TUT-1227,Tut_South,Tut_South,NotApp,0.4,,
UVS,TUT-1234,Tut_South,Tut_South,NotApp,0.4,,
UVS,TUT-1239,Tut_South,Tut_South,NotApp,0.4,,
UVS,TUT-1240,Tut_South,Tut_South,NotApp,0.4,,
UVS,TUT-1246,Tut_South,Tut_South,NotApp,0.4,,
UVS,TUT-1250,Tut_South,Tut_South,NotApp,0.4,,
UVS,TUT-1254,Tut_South,Tut_South,NotApp,0.4,,
UVS,TUT-1261,Tut_South,Tut_South,NotApp,0.4,,
UVS,TUT-1265,Tut_South,Tut_South,NotApp,0.4,,
UVS,TUT-1266,Tut_South,Tut_South,NotApp,0.4,,
UVS,TUT-1269,Tut_South,Tut_South,NotApp,0.4,,
UVS,TUT-1273,Tut_South,Tut_South,NotApp,0.4,,
UVS,TUT-1279,Tut_South,Tut_South,NotApp,0.4,,
UVS,TUT-1280,Tut_South,Tut_South,NotApp,0.4,,
UVS,TUT-1282,Tut_South,Tut_South,NotApp,0.4,,
UVS,TUT-1287,Tut_South,Tut_South,NotApp,0.4,,
UVS,TUT-1290,Tut_South,Tut_South,NotApp,0.4,,
UVS,TUT-1292,Tut_South,Tut_South,NotApp,0.4,,
UVS,TUT-1293,Tut_South,Tut_South,NotApp,0.4,,
UVS,TUT-1296,Tut_South,Tut_South,NotApp,0.4,,
UVS,TUT-1300,Tut_South,Tut_South,NotApp,0.4,,
UVS,TUT-1309,Tut_South,Tut_South,NotApp,0.4,,
UVS,TUT-1316,Tut_South,Tut_South,NotApp,0.4,,
UVS,TUT-1324,Tut_South,Tut_South,NotApp,0.4,,
UVS,TUT-1327,Tut_South,Tut_South,NotApp,0.4,,
UVS,TUT-1328,Tut_South,Tut_South,NotApp,0.4,,
UVS,TUT-1333,Tut_South,Tut_South,NotApp,0.4,,
UVS,TUT-1335,Tut_South,Tut_South,NotApp,0.4,,
UVS,TUT-1337,Tut_South,Tut_South,NotApp,0.4,,
UVS,TUT-1345,Tut_South,Tut_South,NotApp,0.4,,
UVS,TUT-1349,Tut_South,Tut_South,NotApp,0.4,,
UVS,TUT-1355,Tut_South,Tut_South,NotApp,0.4,,
UVS,TUT-1356,Tut_South,Tut_South,NotApp,0.4,,
UVS,TUT-1362,Tut_South,Tut_South,NotApp,0.4,,
UVS,TUT-1365,Tut_South,Tut_South,NotApp,0.4,,
UVS,TUT-1368,Tut_South,Tut_South,NotApp,0.4,,
UVS,TUT-1370,Tut_South,Tut_South,NotApp,0.4,,
UVS,TUT-1371,Tut_South,Tut_South,NotApp,0.4,,
UVS,TUT-1376,Tut_South,Tut_South,NotApp,0.4,,
UVS,TUT-1379,Tut_South,Tut_South,NotApp,0.4,,
UVS,TUT-1382,Tut_South,Tut_South,NotApp,0.4,,
UVS,TUT-1383,Tut_South,Tut_South,NotApp,0.4,,
UVS,TUT-1391,Tut_South,Tut_South,NotApp,0.4,,
UVS,TUT-1392,Tut_South,Tut_South,NotApp,0.4,,
UVS,TUT-1396,Tut_South,Tut_South,NotApp,0.4,,
UVS,TUT-1410,Tut_South,Tut_South,NotApp,0.4,,
UVS,TUT-1412,Tut_South,Tut_South,NotApp,0.4,,
UVS,TUT-1418,Tut_South,Tut_South,NotApp,0.4,,
UVS,TUT-1420,Tut_South,Tut_South,NotApp,0.4,,
UVS,TUT-1435,Tut_South,Tut_South,NotApp,0.4,,
UVS,TUT-15,Tut_South,Tut_South,NotApp,0.4,,
UVS,TUT-16,Tut_South,Tut_South,NotApp,0.4,,
UVS,TUT-20,Tut_South,Tut_South,NotApp,0.4,,
UVS,TUT-201,Tut_South,Tut_South,NotApp,0.4,,
UVS,TUT-202,Tut_South,Tut_South,NotApp,0.4,,
UVS,TUT-21,Tut_South,Tut_South,NotApp,0.4,,
UVS,TUT-210,Tut_South,Tut_South,NotApp,0.4,,
UVS,TUT-212,Tut_South,Tut_South,NotApp,0.4,,
UVS,TUT-214,Tut_South,Tut_South,NotApp,0.4,,
UVS,TUT-216,Tut_South,Tut_South,NotApp,0.4,,
UVS,TUT-218,Tut_South,Tut_South,NotApp,0.4,,
UVS,TUT-22,Tut_South,Tut_South,NotApp,0.4,,
UVS,TUT-220,Tut_South,Tut_South,NotApp,0.4,,
UVS,TUT-221,Tut_South,Tut_South,NotApp,0.4,,
UVS,TUT-223,Tut_South,Tut_South,NotApp,0.4,,
UVS,TUT-226,Tut_South,Tut_South,NotApp,0.4,,
UVS,TUT-23,Tut_South,Tut_South,NotApp,0.4,,
UVS,TUT-234,Tut_South,Tut_South,NotApp,0.4,,
UVS,TUT-2347,Tut_South,Tut_South,NotApp,0.4,,
UVS,TUT-2348,Tut_South,Tut_South,NotApp,0.4,,
UVS,TUT-235,Tut_South,Tut_South,NotApp,0.4,,
UVS,TUT-2350,Tut_South,Tut_South,NotApp,0.4,,
UVS,TUT-2352,Tut_South,Tut_South,NotApp,0.4,,
UVS,TUT-2353,Tut_South,Tut_South,NotApp,0.4,,
UVS,TUT-2356,Tut_South,Tut_South,NotApp,0.4,,
UVS,TUT-2357,Tut_South,Tut_South,NotApp,0.4,,
UVS,TUT-2358,Tut_South,Tut_South,NotApp,0.4,,
UVS,TUT-2361,Tut_South,Tut_South,NotApp,0.4,,
UVS,TUT-2363,Tut_South,Tut_South,NotApp,0.4,,
UVS,TUT-2367,Tut_South,Tut_South,NotApp,0.4,,
UVS,TUT-2368,Tut_South,Tut_South,NotApp,0.4,,
UVS,TUT-2369,Tut_South,Tut_South,NotApp,0.4,,
UVS,TUT-2371,Tut_South,Tut_South,NotApp,0.4,,
UVS,TUT-2373,Tut_South,Tut_South,NotApp,0.4,,
UVS,TUT-2374,Tut_South,Tut_South,NotApp,0.4,,
UVS,TUT-2376,Tut_South,Tut_South,NotApp,0.4,,
UVS,TUT-2378,Tut_South,Tut_South,NotApp,0.4,,
UVS,TUT-2381,Tut_South,Tut_South,NotApp,0.4,,
UVS,TUT-2382,Tut_South,Tut_South,NotApp,0.4,,
UVS,TUT-2384,Tut_South,Tut_South,NotApp,0.4,,
UVS,TUT-2386,Tut_South,Tut_South,NotApp,0.4,,
UVS,TUT-2393,Tut_South,Tut_South,NotApp,0.4,,
UVS,TUT-2394,Tut_South,Tut_South,NotApp,0.4,,
UVS,TUT-2402,Tut_South,Tut_South,NotApp,0.4,,
UVS,TUT-2404,Tut_South,Tut_South,NotApp,0.4,,
UVS,TUT-2406,Tut_South,Tut_South,NotApp,0.4,,
UVS,TUT-241,Tut_South,Tut_South,NotApp,0.4,,
UVS,TUT-2411,Tut_South,Tut_South,NotApp,0.4,,
UVS,TUT-2413,Tut_South,Tut_South,NotApp,0.4,,
UVS,TUT-2415,Tut_South,Tut_South,NotApp,0.4,,
UVS,TUT-242,Tut_South,Tut_South,NotApp,0.4,,
UVS,TUT-250,Tut_South,Tut_South,NotApp,0.4,,
UVS,TUT-251,Tut_South,Tut_South,NotApp,0.4,,
UVS,TUT-254,Tut_South,Tut_South,NotApp,0.4,,
UVS,TUT-255,Tut_South,Tut_South,NotApp,0.4,,
UVS,TUT-2552,Tut_South,Tut_South,NotApp,0.4,,
UVS,TUT-2553,Tut_South,Tut_South,NotApp,0.4,,
UVS,TUT-2558,Tut_South,Tut_South,NotApp,0.4,,
UVS,TUT-2564,Tut_South,Tut_South,NotApp,0.4,,
UVS,TUT-2581,Tut_South,Tut_South,NotApp,0.4,,
UVS,TUT-2589,Tut_South,Tut_South,NotApp,0.4,,
UVS,TUT-2591,Tut_South,Tut_South,NotApp,0.4,,
UVS,TUT-260,Tut_South,Tut_South,NotApp,0.4,,
UVS,TUT-2606,Tut_South,Tut_South,NotApp,0.4,,
UVS,TUT-2607,Tut_South,Tut_South,NotApp,0.4,,
UVS,TUT-261,Tut_South,Tut_South,NotApp,0.4,,
UVS,TUT-262,Tut_South,Tut_South,NotApp,0.4,,
UVS,TUT-2628,Tut_South,Tut_South,NotApp,0.4,,
UVS,TUT-2630,Tut_South,Tut_South,NotApp,0.4,,
UVS,TUT-2636,Tut_South,Tut_South,NotApp,0.4,,
UVS,TUT-2639,Tut_South,Tut_South,NotApp,0.4,,
UVS,TUT-265,Tut_South,Tut_South,NotApp,0.4,,
UVS,TUT-2652,Tut_South,Tut_South,NotApp,0.4,,
UVS,TUT-2662,Tut_South,Tut_South,NotApp,0.4,,
UVS,TUT-270,Tut_South,Tut_South,NotApp,0.4,,
UVS,TUT-273,Tut_South,Tut_South,NotApp,0.4,,
UVS,TUT-274,Tut_South,Tut_South,NotApp,0.4,,
UVS,TUT-277,Tut_South,Tut_South,NotApp,0.4,,
UVS,TUT-2771,Tut_South,Tut_South,NotApp,0.4,,
UVS,TUT-279,Tut_South,Tut_South,NotApp,0.4,,
UVS,TUT-2791,Tut_South,Tut_South,NotApp,0.4,,
UVS,TUT-2794,Tut_South,Tut_South,NotApp,0.4,,
UVS,TUT-2796,Tut_South,Tut_South,NotApp,0.4,,
UVS,TUT-280,Tut_South,Tut_South,NotApp,0.4,,
UVS,TUT-283,Tut_South,Tut_South,NotApp,0.4,,
UVS,TUT-2838,Tut_South,Tut_South,NotApp,0.4,,
UVS,TUT-284,Tut_South,Tut_South,NotApp,0.4,,
UVS,TUT-2843,Tut_South,Tut_South,NotApp,0.4,,
UVS,TUT-2846,Tut_South,Tut_South,NotApp,0.4,,
UVS,TUT-285,Tut_South,Tut_South,NotApp,0.4,,
UVS,TUT-2860,Tut_South,Tut_South,NotApp,0.4,,
UVS,TUT-2870,Tut_South,Tut_South,NotApp,0.4,,
UVS,TUT-2871,Tut_South,Tut_South,NotApp,0.4,,
UVS,TUT-2872,Tut_South,Tut_South,NotApp,0.4,,
UVS,TUT-293,Tut_South,Tut_South,NotApp,0.4,,
UVS,TUT-294,Tut_South,Tut_South,NotApp,0.4,,
UVS,TUT-296,Tut_South,Tut_South,NotApp,0.4,,
UVS,TUT-298,Tut_South,Tut_South,NotApp,0.4,,
UVS,TUT-302,Tut_South,Tut_South,NotApp,0.4,,
UVS,TUT-305,Tut_South,Tut_South,NotApp,0.4,,
UVS,TUT-306,Tut_South,Tut_South,NotApp,0.4,,
UVS,TUT-307,Tut_South,Tut_South,NotApp,0.4,,
UVS,TUT-309,Tut_South,Tut_South,NotApp,0.4,,
UVS,TUT-310,Tut_South,Tut_South,NotApp,0.4,,
UVS,TUT-311,Tut_South,Tut_South,NotApp,0.4,,
UVS,TUT-312,Tut_South,Tut_South,NotApp,0.4,,
UVS,TUT-313,Tut_South,Tut_South,NotApp,0.4,,
UVS,TUT-314,Tut_South,Tut_South,NotApp,0.4,,
UVS,TUT-3163,Tut_South,Tut_South,NotApp,0.4,,
UVS,TUT-3168,Tut_South,Tut_South,NotApp,0.4,,
UVS,TUT-317,Tut_South,Tut_South,NotApp,0.4,,
UVS,TUT-3171,Tut_South,Tut_South,NotApp,0.4,,
UVS,TUT-318,Tut_South,Tut_South,NotApp,0.4,,
UVS,TUT-3182,Tut_South,Tut_South,NotApp,0.4,,
UVS,TUT-3187,Tut_South,Tut_South,NotApp,0.4,,
UVS,TUT-3193,Tut_South,Tut_South,NotApp,0.4,,
UVS,TUT-3201,Tut_South,Tut_South,NotApp,0.4,,
UVS,TUT-321,Tut_South,Tut_South,NotApp,0.4,,
UVS,TUT-3210,Tut_South,Tut_South,NotApp,0.4,,
UVS,TUT-3238,Tut_South,Tut_South,NotApp,0.4,,
UVS,TUT-324,Tut_South,Tut_South,NotApp,0.4,,
UVS,TUT-325,Tut_South,Tut_South,NotApp,0.4,,
UVS,TUT-3256,Tut_South,Tut_South,NotApp,0.4,,
UVS,TUT-3262,Tut_South,Tut_South,NotApp,0.4,,
UVS,TUT-3276,Tut_South,Tut_South,NotApp,0.4,,
UVS,TUT-329,Tut_South,Tut_South,NotApp,0.4,,
UVS,TUT-335,Tut_South,Tut_South,NotApp,0.4,,
UVS,TUT-337,Tut_South,Tut_South,NotApp,0.4,,
UVS,TUT-339,Tut_South,Tut_South,NotApp,0.4,,
UVS,TUT-340,Tut_South,Tut_South,NotApp,0.4,,
UVS,TUT-344,Tut_South,Tut_South,NotApp,0.4,,
UVS,TUT-349,Tut_South,Tut_South,NotApp,0.4,,
UVS,TUT-350,Tut_South,Tut_South,NotApp,0.4,,
UVS,TUT-351,Tut_South,Tut_South,NotApp,0.4,,
UVS,TUT-352,Tut_South,Tut_South,NotApp,0.4,,
UVS,TUT-353,Tut_South,Tut_South,NotApp,0.4,,
UVS,TUT-356,Tut_South,Tut_South,NotApp,0.4,,
UVS,TUT-358,Tut_South,Tut_South,NotApp,0.4,,
UVS,TUT-359,Tut_South,Tut_South,NotApp,0.4,,
UVS,TUT-360,Tut_South,Tut_South,NotApp,0.4,,
UVS,TUT-361,Tut_South,Tut_South,NotApp,0.4,,
UVS,TUT-362,Tut_South,Tut_South,NotApp,0.4,,
UVS,TUT-363,Tut_South,Tut_South,NotApp,0.4,,
UVS,TUT-365,Tut_South,Tut_South,NotApp,0.4,,
UVS,TUT-366,Tut_South,Tut_South,NotApp,0.4,,
UVS,TUT-369,Tut_South,Tut_South,NotApp,0.4,,
UVS,TUT-370,Tut_South,Tut_South,NotApp,0.4,,
UVS,TUT-412,Tut_South,Tut_South,NotApp,0.4,,
UVS,TUT-423,Tut_South,Tut_South,NotApp,0.4,,
UVS,TUT-426,Tut_South,Tut_South,NotApp,0.4,,
UVS,TUT-429,Tut_South,Tut_South,NotApp,0.4,,
UVS,TUT-451,Tut_South,Tut_South,NotApp,0.4,,
UVS,TUT-452,Tut_South,Tut_South,NotApp,0.4,,
UVS,TUT-501,Tut_South,Tut_South,NotApp,0.4,,
UVS,TUT-502,Tut_South,Tut_South,NotApp,0.4,,
UVS,TUT-504,Tut_South,Tut_South,NotApp,0.4,,
UVS,TUT-505,Tut_South,Tut_South,NotApp,0.4,,
UVS,TUT-507,Tut_South,Tut_South,NotApp,0.4,,
UVS,TUT-508,Tut_South,Tut_South,NotApp,0.4,,
UVS,TUT-510,Tut_South,Tut_South,NotApp,0.4,,
UVS,TUT-511,Tut_South,Tut_South,NotApp,0.4,,
UVS,TUT-513,Tut_South,Tut_South,NotApp,0.4,,
UVS,TUT-514,Tut_South,Tut_South,NotApp,0.4,,
UVS,TUT-515,Tut_South,Tut_South,NotApp,0.4,,
UVS,TUT-518,Tut_South,Tut_South,NotApp,0.4,,
UVS,TUT-523,Tut_South,Tut_South,NotApp,0.4,,
UVS,TUT-529,Tut_South,Tut_South,NotApp,0.4,,
UVS,TUT-531,Tut_South,Tut_South,NotApp,0.4,,
UVS,TUT-533,Tut_South,Tut_South,NotApp,0.4,,
UVS,TUT-534,Tut_South,Tut_South,NotApp,0.4,,
UVS,TUT-537,Tut_South,Tut_South,NotApp,0.4,,
UVS,TUT-544,Tut_South,Tut_South,NotApp,0.4,,
UVS,TUT-545,Tut_South,Tut_South,NotApp,0.4,,
UVS,TUT-546,Tut_South,Tut_South,NotApp,0.4,,
UVS,TUT-549,Tut_South,Tut_South,NotApp,0.4,,
UVS,TUT-550,Tut_South,Tut_South,NotApp,0.4,,
UVS,TUT-551,Tut_South,Tut_South,NotApp,0.4,,
UVS,TUT-552,Tut_South,Tut_South,NotApp,0.4,,
UVS,TUT-557,Tut_South,Tut_South,NotApp,0.4,,
UVS,TUT-559,Tut_South,Tut_South,NotApp,0.4,,
UVS,TUT-560,Tut_South,Tut_South,NotApp,0.4,,
UVS,TUT-561,Tut_South,Tut_South,NotApp,0.4,,
UVS,TUT-562,Tut_South,Tut_South,NotApp,0.4,,
UVS,TUT-566,Tut_South,Tut_South,NotApp,0.4,,
UVS,TUT-571,Tut_South,Tut_South,NotApp,0.4,,
UVS,TUT-572,Tut_South,Tut_South,NotApp,0.4,,
UVS,TUT-573,Tut_South,Tut_South,NotApp,0.4,,
UVS,TUT-578,Tut_South,Tut_South,NotApp,0.4,,
UVS,TUT-580,Tut_South,Tut_South,NotApp,0.4,,
UVS,TUT-584,Tut_South,Tut_South,NotApp,0.4,,
UVS,TUT-585,Tut_South,Tut_South,NotApp,0.4,,
UVS,TUT-586,Tut_South,Tut_South,NotApp,0.4,,
UVS,TUT-588,Tut_South,Tut_South,NotApp,0.4,,
UVS,TUT-590,Tut_South,Tut_South,NotApp,0.4,,
UVS,TUT-591,Tut_South,Tut_South,NotApp,0.4,,
UVS,TUT-593,Tut_South,Tut_South,NotApp,0.4,,
UVS,TUT-595,Tut_South,Tut_South,NotApp,0.4,,
UVS,TUT-60,Tut_South,Tut_South,NotApp,0.4,,
UVS,TUT-61,Tut_South,Tut_South,NotApp,0.4,,
UVS,TUT-610,Tut_South,Tut_South,NotApp,0.4,,
UVS,TUT-62,Tut_South,Tut_South,NotApp,0.4,,
UVS,TUT-624,Tut_South,Tut_South,NotApp,0.4,,
UVS,TUT-63,Tut_South,Tut_South,NotApp,0.4,,
UVS,TUT-637,Tut_South,Tut_South,NotApp,0.4,,
UVS,TUT-64,Tut_South,Tut_South,NotApp,0.4,,
UVS,TUT-65,Tut_South,Tut_South,NotApp,0.4,,
UVS,TUT-66,Tut_South,Tut_South,NotApp,0.4,,
UVS,TUT-661,Tut_South,Tut_South,NotApp,0.4,,
UVS,TUT-663,Tut_South,Tut_South,NotApp,0.4,,
UVS,TUT-67,Tut_South,Tut_South,NotApp,0.4,,
UVS,TUT-68,Tut_South,Tut_South,NotApp,0.4,,
UVS,TUT-69,Tut_South,Tut_South,NotApp,0.4,,
UVS,TUT-695,Tut_South,Tut_South,NotApp,0.4,,
UVS,TUT-70,Tut_South,Tut_South,NotApp,0.4,,
